arg-id,comment-id,argument
A1.0_0,1.0,ディスコードのアイコンをチーム共通のアニメーションGIFに改造してチーム意識を持たせたい。『エンジェルうさぎ』ならば、既存のプロフィール画像にうさぎをモチーフにしたアニメーションGIFを入れ込む。
A2.0_0,2.0,1日の運動した内容を入れ込むと消費カロリー計算と減る体重量目安を教えてくれる。
A3.0_0,3.0,アマゾンで購入した食品の賞味期限を一括管理してアラートを出してほしい。
A4.0_0,4.0,毎日15000歩歩いているが、今の地点から片道or往復で〇〇歩の場所を知りたい。
A5.0_0,5.0,自分に合った無料のAIサービスを知りたい。（診断）
A6.0_0,6.0,無料の範囲で経費のレシートを最小のデータ量でデジタル管理したい。
A7.0_0,7.0,mixiの広告連発が不便。
A8.0_0,8.0,無料で見れる自分が見たい動画を探すのが不便。世界超密着TV!ワレワレハ地球人ダ!!のスネークハンターが見たい。
A9.0_0,9.0,無料ユーザーでGPTを使用中に1日で利用できる回数制限になった時、他のAIでさくっと作成できると嬉しい。
A10.0_0,10.0,自宅近くのスーパーで最安値の鶏肉とブロッコリーを知りたい。
A11.0_0,11.0,渋谷のビル風が強すぎるスポットを知りたい。（サクラステージとか）
A12.0_0,12.0,未来的に僕のお金を自分の抱えるユーザーと共有資産化したく、AIで最適な環境を作りたい。
A13.0_0,13.0,年間110万円の贈与は無税無申告なので、年間贈与の金額を管理できるツールがほしい。
A14.0_0,14.0,インターネット上のセールスでできるところはAI化自動化したい。
A15.0_0,15.0,ユーザー毎の支払った金額と利用できるチケットとチケットの有効期限をより良く一括管理したい。
A16.0_0,16.0,未来型の人間関係の形を知り、そのような人間関係を効率よく確保していきたい。
A17.0_0,17.0,自分の抱えている大量のスピリチュアル好きもしくはスピリチュアル活動者のネット活動を効率化したい。
A18.0_0,18.0,ゲームアプリのガチャのように自分のインターネット上のサービス業全てに活用できる最強課金スキームをAI化したい。
A19.0_0,19.0,自分のビジネスで繋がっているユーザーの人生を効率よく正しい方向に進めたい。
A20.0_0,20.0,GPTの入力欄とチャットの２つをコメントビューアーみたくリアルタイムに見やすく表示したい。背景を透明化できるといい。
A21.0_0,21.0,大きい駅での乗り換えが大変
A22.0_0,22.0,課題が提出できているか分からない（このシステムもできているか分からない）
A23.0_0,23.0,新しいアプリを使う時分からない
A24.0_0,24.0,駐車場が本当に空いているか分からん
A25.0_0,25.0,たまに誰が支払いをしたのか分からなくなる
A26.0_0,26.0,渋滞があるか分からない
A27.0_0,27.0,はじめて行くところの道路が狭いか分からない
A28.0_0,28.0,ゴミ箱が少ない
A29.0_0,29.0,道が狭い
A30.0_0,30.0,道にトイレが少ない
A31.0_0,31.0,道が暗いところがある
A32.0_0,32.0,旅行でどこ行ったらいいか分からない
A33.0_0,33.0,おすすめの場所が多くて決まらない
A34.0_0,34.0,相手が英語通じない
A35.0_0,35.0,言語が通じない時
A36.0_0,36.0,相手がどこの国の人か分からない
A37.0_0,37.0,水欲しい時に買う場所がない
A38.0_0,38.0,ベンチが少ない
A39.0_0,39.0,何を買えばいいか分からなくなる
A40.0_0,40.0,雨雲が来てるか普段の時も知りたい
A41.0_0,41.0,駅のホームに着くまで電車の混雑具合が分からない
A42.0_0,42.0,天気予報アプリの降水確率だけでは傘を持って行くか迷う
A43.0_0,43.0,カフェの電源席が空いているかどうか行ってみないと分からない
A44.0_0,44.0,学校の課題提出を忘れがち
A45.0_0,45.0,講義資料が配布される媒体がバラバラで管理しづらい
A46.0_0,46.0,学食が混んでいて入るまでに時間がかかる
A47.0_0,47.0,授業の休講・補講の連絡が遅い
A48.0_0,48.0,Wi-Fiの接続が教室によって不安定
A49.0_0,49.0,コンビニでレジに並ぶ時間が長い
A50.0_0,50.0,賃貸物件の騒音状況が住んでみないと分からない
A51.0_0,51.0,学内のトイレが混んでいて空きを探すのが大変
A52.0_0,52.0,自習室の空き状況が分からない
A53.0_0,53.0,講義の教室変更が分かりづらい
A54.0_0,54.0,スマホの充電が講義中に切れるが、電源席が少ない
A55.0_0,55.0,ノートPCの持ち運びが重くて負担
A56.0_0,56.0,講義の出席確認が紙で効率が悪い
A57.0_0,57.0,Zoom録画がどこで共有されてるか分からず不安
A58.0_0,58.0,友達に講義資料を頼むのが気まずい
A59.0_0,59.0,アプリやサービスのパスワードが多すぎて覚えきれない
A60.0_0,60.0,病院や美容院の予約が電話のみで面倒
A61.0_0,61.0,急な雨に傘を持っておらず濡れる
A62.0_0,62.0,どの授業でどんな課題が出ているか把握しにくい
A63.0_0,63.0,グループワークのメンバーとの連絡手段が定まらない
A64.0_0,64.0,授業の内容をメモするときスマホを使うと怪しまれる
A65.0_0,65.0,物件の壁の薄さ（防音性）が内見時に分からない
A66.0_0,66.0,親から子供への虐待は何とかして無くなれば良いのに
A67.0_0,67.0,夫婦間のDVは何とかして無くなれば良いのに
A68.0_0,68.0,他人の生命を凶器などでおびやかして自らの欲求を得ることは何とかして無くなれば良いのに
A69.0_0,69.0,雨の日はデリバリーの配達人が少なくて配達してくれないことを解決できたら良いのに
A70.0_0,70.0,加湿器の定期的なフィルターの消毒がめんどくさいのを解消できたら良いのに
A71.0_0,71.0,どうしても机の上に置かれる小物が増えてしまうのを効率よく整理できたら良いのに
A72.0_0,72.0,糠漬けの独特の匂いが嫌いな家族に伝わりにくくする方法があれば良いのに
A73.0_0,73.0,ガソリン車でも自動駐車機能がある車があれば良いのに
A74.0_0,74.0,防水機能を謳う製品の防水寿命が短いのを長くできれば良いのに
A75.0_0,75.0,身に着ける静電気防止製品の効果が実際にあるかが事前に分かれば良いのに
A76.0_0,76.0,雷が極近くに落ちる可能性がわかると良いのに
A77.0_0,77.0,道路が凍っているのか凍ってないのか通行前に判断できるようになれば良いのに
A78.0_0,78.0,スーパーの買い物でマイバッグなどに重心を安定して崩れないような入れる順番などを指示してくれれば良いのに
A79.0_0,79.0,一般道で制限速度で走っているとオートバイや車が追い越し禁止でも抜いていくことが多いのが無くなると良いのに
A80.0_0,80.0,歩きタバコをしている人の煙がこちらに向かってきていることを事前にわかると良いのに
A81.0_0,81.0,車から漏れていたり歩きタバコなどで漂って残っている煙の臭いがある場所が事前にわかると良いのに
A82.0_0,82.0,温暖化がCO2だけが原因なのかを確認したいので太陽エネルギーの増減をリアルタイムで見れると良いのに
A83.0_0,83.0,反抗期の子供が親の言うことを聞いてくれると良いのに
A84.0_0,84.0,腕時計型の改札通過タッチデバイスのタッチが左手首にあってほしいので右側にあるタッチ機器にタッチしにくいのを何とかタッチしやすくなれば良いのに
A85.0_0,85.0,花粉症で花粉の吸引を抑制する不織布マスクと顔に合わない隙間を自動的に狭めてフィルター効果を高めてくれる補助器具があると良いのに
A86.0_0,86.0,花粉症の薬で1日の回数2回や1回と1箱の錠数の違いがばらばらなので最もお得な薬を簡単に計算できれば良いのに
A87.0_0,87.0,空きコマの時間が中途半端で有効活用しづらい
A88.0_0,88.0,大学のWi-Fiが弱くてオンライン授業や調べ物がしにくい
A89.0_0,89.0,学食が混んでて座れない
A90.0_0,90.0,レポートの提出フォーマットが授業ごとにバラバラ
A91.0_0,91.0,パソコンの充電スペースが足りない
A92.0_0,92.0,教室の場所が分かりにくくて迷う
A93.0_0,93.0,履修登録システムが使いづらい・重い
A94.0_0,94.0,成績や単位の反映が遅い
A95.0_0,95.0,教科書が高すぎる
A96.0_0,96.0,先生に質問しにくい（特に大人数授業）
A97.0_0,97.0,オンライン授業の音声や映像が途切れる
A98.0_0,98.0,授業で出席を紙でとる場合、忘れやすい
A99.0_0,99.0,プレゼンのとき、プロジェクターの接続トラブルが多い
A100.0_0,100.0,自転車の駐輪場が満車で止められない
A101.0_0,101.0,大学内の掲示情報が紙ベースで探しづらい
A102.0_0,102.0,一人暮らしだと料理や洗濯のやる気が出ない
A103.0_0,103.0,鍵をなくしたり、見つからないことがある
A104.0_0,104.0,バスや電車の時間がアプリと実際でずれる
A105.0_0,105.0,洗濯物が部屋干しだと乾きにくい
A106.0_0,106.0,カフェや図書館が満席で勉強できない
A107.0_0,107.0,電車で帰宅するとき、毎回乗り換えを調べないと帰宅時間がわからない
A108.0_0,108.0,食堂の食券売り場が混雑している
A109.0_0,109.0,授業の教室確認に手間がかかる
A110.0_0,110.0,課題をやる予定をうまく立てられない
A111.0_0,111.0,家族が食べ切れる量の料理を作りたい
A112.0_0,112.0,友達の誕生日が覚えられない
A113.0_0,113.0,お気に入りのレシピをまとめておきたい
A114.0_0,114.0,出席時のログインが面倒
A115.0_0,115.0,海外ゲームの翻訳をしながら英語の勉強をしたい
A116.0_0,116.0,ゲームのログインを忘れるので管理したい
A117.0_0,117.0,デザインの修正を手伝ってほしい
A118.0_0,118.0,無駄遣いをしないで貯金をするモチベーションがほしい
A119.0_0,119.0,寝る前にデバイスの充電を忘れる
A120.0_0,120.0,漫画の最新刊発売日を簡単に確認したい
A121.0_0,121.0,家族で同じものを買わないようにしたい
A122.0_0,122.0,家にある食材がわからない
A123.0_0,123.0,残り物に合わせて料理の献立を考えることが難しい
A124.0_0,124.0,会話の話題作り、話題探しをしてほしい
A125.0_0,125.0,近所のスーパーで一番安い店を探してほしい
A126.0_0,126.0,安売りの食材でレシピを考えてほしい
A127.0_0,127.0,認知症かもしれないと不安になる
A128.0_0,128.0,認知症介護者の悩みを解決したい
A129.0_0,129.0,認知症の人が見えてる世界を知りたい
A130.0_0,130.0,「あれなんだっけ」を思い出したい
A131.0_0,131.0,夏が暑すぎて辛い
A132.0_0,132.0,毎日のゴミが多くて嫌
A133.0_0,133.0,冷房に弱くて夏が辛い。暑いのも辛い
A134.0_0,134.0,冷え性が辛い
A135.0_0,135.0,スマホの広告がウザい。たまに記事が読めない
A136.0_0,136.0,どうでもいいネット記事を読んで時間を溶かすのが悲しい
A137.0_0,137.0,犬猫の可哀想なリール動画が何回も上がってきてしまって困る。最後は助けられて幸せになるところまで見ないと落ち着かないので、見てしまう
A138.0_0,138.0,ドギツイ画像の広告が表示されると凹む
A139.0_0,139.0,旅行前の準備で忘れ物がないか不安
A140.0_0,140.0,旅行基本情報がほしい。重いガイドブックを持ちたくない、Web情報だとページを出すまで面倒で通信が切れたら困る
A141.0_0,141.0,自分の商品をもっと売りたい
A142.0_0,142.0,陰謀論者が多くて困る
A143.0_0,143.0,財布の中の一円玉が溜まって処理に困る
A144.0_0,144.0,Audibleの検索結果や分類が間違っていてストレス
A145.0_0,145.0,何かをポケットに入れて、忘れて無くしたと思ってることが多くて困る
A146.0_0,146.0,猫が大切なものの上に座って困る
A147.0_0,147.0,疎遠気味の友人を遊びに誘いたいが、（コロナ以降は特に）気軽に誘うのが難しくなっている。
A148.0_0,148.0,家族内で決めたルールや役割分担を忘れてしまうことが多く、どこに書いたかもバラバラで探しづらい。
A149.0_0,149.0,各店舗のポイントカードが紙やアプリでバラバラになっており、使いたいときに探せず結局使わずじまいになる。
A150.0_0,150.0,読書や筋トレ、語学など自己研鑽を始めても、モチベーションが続かず途中で止まってしまう。
A151.0_0,151.0,対話型AIが進化しているとはいえ、“友達”のような信頼関係までは築けず、孤独感は解消されない。
A152.0_0,152.0,ニュースサイトやSNSを見ているうちに、何が本当に自分にとって重要なのか分からなくなり、時間を浪費してしまう。
A153.0_0,153.0,SNS上での誹謗中傷が依然として多く、精神的ダメージを受ける人が後を絶たない。
A154.0_0,154.0,ディープフェイク技術により、本人に成りすました偽コンテンツが簡単に作れてしまうという不安がある。
A155.0_0,155.0,Discordなどのチャットツールで会話が流れるスピードが早すぎて、重要な情報を見逃してしまう。
A156.0_0,156.0,ネット上のレビューやコメントがAIによって自動生成されたものも多く、どれが本当に人の声か見分けがつかない。
A157.0_0,157.0,「あとで読む」サービスに記事を保存しても、結局読まないまま情報が溜まっていく。
A158.0_0,158.0,サブスクリプションサービスを契約したまま放置してしまい、実際に必要かどうかを見直すタイミングがない。
A159.0_0,159.0,実現したいアイデアがあっても、それを形にするスキルや人脈がなく、行動に移せずに終わってしまう。
A160.0_0,160.0,応援したい“推し”がいても、「どこで何をすれば応援になるのか」が分かりづらく、行動に結びつかない。
A161.0_0,161.0,イベントやライブの情報がさまざまな媒体に分散しており、日程を整理して把握するのが難しい。
A162.0_0,162.0,音楽アプリでは過去の再生履歴を元におすすめが出てくるが、自分の今の気分や感情までは反映されない。
A163.0_0,163.0,ゲームではキャラの強さが重視され、愛着を持って育てた初期のキャラが後半で使いづらくなる。
A164.0_0,164.0,ネット検索で調べ物をするとき、関連する時系列のグラフやマイルストーンはあるが、それらを横断的に比較するのが手間。
A165.0_0,165.0,チームでのアイデア出しにおいて、アウトプットの粒度が人によってバラバラで、議論がまとまりにくい。
A166.0_0,166.0,自分のキャリアや方向性に迷ったときに、具体的に道を示したり背中を押してくれるような“師匠”と出会う機会が少ない。
A167.0_0,167.0,ゴミ出しの日をよく忘れる
A168.0_0,168.0,エレベーターの到着が遅い
A169.0_0,169.0,ツールの学び方がわからない
A170.0_0,170.0,スマホの充電コードがすぐ断線する
A171.0_0,171.0,飲食店の待ち時間が行かないとわからない
A172.0_0,172.0,学校のWi-Fiが途切れやすい
A173.0_0,173.0,授業スライドのダウンロードが面倒
A174.0_0,174.0,自販機のお釣りの受け取り口がわかりづらい
A175.0_0,175.0,雨の日に傘をどこに置いたか忘れる
A176.0_0,176.0,ラーメン屋のティッシュが取りづらい
A177.0_0,177.0,スマホの通知が多すぎて大事なものが埋もれる
A178.0_0,178.0,コピー機の使い方がわかりにくい
A179.0_0,179.0,電源が少ないカフェが多い
A180.0_0,180.0,コンビニのレジ待ちが長い
A181.0_0,181.0,バスの到着時間がずれる
A182.0_0,182.0,授業で出席確認が面倒
A183.0_0,183.0,ZoomのマイクON/OFF切り替え忘れる
A184.0_0,184.0,トイレの空き状況がわからない
A185.0_0,185.0,荷物が多いと鍵を取り出しにくい
A186.0_0,186.0,Googleカレンダーの通知が多すぎる
A187.0_0,187.0,研究室の雑務のドキュメント資料の作成
A188.0_0,188.0,毎日の水分摂取量がわからない
A189.0_0,189.0,カフェの電源席の空席状況が事前に分からず、直接足を運ぶ必要がある
A190.0_0,190.0,課題や提出物を送信したかどうか、確認できるシステムがない
A191.0_0,191.0,オンライン授業中に音声や映像が途切れる、通信の不具合が起こる
A192.0_0,192.0,学校の掲示板や連絡網で情報が散らばり、必要な情報が見つけにくい
A193.0_0,193.0,スマートフォンのバッテリーがすぐに切れてしまい、充電場所の確認が必要になる
A194.0_0,194.0,パソコンとスマホの使用時間の合計がわからない
A195.0_0,195.0,バスの運行情報がリアルタイムではなく、時刻表通りに待たなければならない
A196.0_0,196.0,自転車のシェアサービスのアプリ操作が分かりにくく、利用時に迷う
A197.0_0,197.0,駐車場の空き状況が事前に確認できず、時間をロスしてしまう
A198.0_0,198.0,レジでのスキャンエラーやポイントカードの読み取りミスが頻発し、会計がスムーズにいかない
A199.0_0,199.0,スーパーやドラッグストアの商品の在庫情報が確認できない
A200.0_0,200.0,学校のカフェテリアの混雑度が事前に把握できず、着席までに待たされる
A201.0_0,201.0,大学のWi-Fiの接続状況が安定せず、ネット環境が心配になる
A202.0_0,202.0,学内の図書館や自習室の空席情報が分からず、利用可能かどうか判断しづらい
A203.0_0,203.0,飲食店の予約システムが不安定で、実際の待ち時間と予約状況に差がある
A204.0_0,204.0,SNSの通知が多すぎて、重要な連絡や情報が埋もれてしまう
A205.0_0,205.0,電話会議やオンラインミーティングで接続が切れたり、音声が乱れたりする
A206.0_0,206.0,移動中に使うナビゲーションアプリが現実の交通状況と乖離している
A207.0_0,207.0,電車に乗ったとき、特定の車両だけ混雑していて乗り降りに時間がかかる。
A208.0_0,208.0,物の長さや角度を測りたいときに定規や分度器を持ち歩くのは不便で邪魔になる。
A209.0_0,209.0,電車が5分遅延するとすぐ連絡があるのに、バスの遅延はあまり通知されず不安になる。
A210.0_0,210.0,デパートなどで位置情報アプリを開いても、現在地が何階にいるか分からない。
A211.0_0,211.0,商品の値段が、半年・年単位や週単位でどう変動しているのかが分かりにくい。
A212.0_0,212.0,自転車に乗っていると、歩数計がうまく反応しない。
A213.0_0,213.0,先生が板書しているとき、手元や書いた履歴が見えず、資料の読み取りなどに苦労する。
A214.0_0,214.0,残りのガソリンであと何キロ走れるのかが分からず、給油のタイミングで迷う。
A215.0_0,215.0,PDCAサイクル専用のアプリがなく、既存の管理ツールでは進捗や目標の確認がしにくい。
A216.0_0,216.0,自分に関係ない情報や広告で、メールボックスがすぐいっぱいになってしまう。
A217.0_0,217.0,同じ差出人からのメールでも、一覧画面では1通ずつバラバラに表示されて見づらい。
A218.0_0,218.0,自分の興味のある分野で「今日何が起きたか」を簡単に知る手段がない。
A219.0_0,219.0,授業中に質問しにくい雰囲気があり、疑問があっても聞けない。
A220.0_0,220.0,服のサイズがメーカーによってバラバラで、通販では特に選びにくい。
A221.0_0,221.0,食堂が混みすぎていて座れないことが多い。
A222.0_0,222.0,欲しい商品がその店に入荷したかどうか分からない。
A223.0_0,223.0,授業の進度がクラス全体に合っておらず、早すぎたり遅すぎたりする。
A224.0_0,224.0,大学の講義について、みんなの評価や感想を気軽に知る方法がない。
A225.0_0,225.0,カフェや施設のWi-Fiが不安定で使いづらい。
A226.0_0,226.0,手持ちの服でどのようにコーディネートするか思いつかない。
A227.0_0,227.0,家計簿をつけようとしてもなかなか続かない。
A228.0_0,228.0,服の洗濯表示が難しくて、正しい洗い方が分からない。
A229.0_0,229.0,朝起きれない
A230.0_0,230.0,何個もかけた目覚まし時計を消すのがめんどくさい
A231.0_0,231.0,よく忘れ物をする
A232.0_0,232.0,鍵をかけたか不安になる
A233.0_0,233.0,メールに来てる大事な連絡とそうじゃないのがわからない
A234.0_0,234.0,Xにスパムリプが多すぎる
A235.0_0,235.0,スマホのDiscordで複数アカウントを使えない
A236.0_0,236.0,自宅のPCを出先から見たい
A237.0_0,237.0,やりたいことを思いつくけどなにもせず忘れる
A238.0_0,238.0,夢の続きが見たい
A239.0_0,239.0,使ってるブラウザが対応してないサイトがある
A240.0_0,240.0,Macで使えないアプリがある
A241.0_0,241.0,Xから情報を取るのが難しい
A242.0_0,242.0,VRChatのツール情報が取りづらい
A243.0_0,243.0,課題の締め切り、やったかどうかを一覧で管理したい
A244.0_0,244.0,アップデート時のCHANGELOGを書くのがめんどくさい
A245.0_0,245.0,BOOTHの期間限定無料アイテムを知りたい
A246.0_0,246.0,BOOTHの無料アイテムを知りたい（投げ銭用有料版があるとそっちに引っ張られて検索対象にならない）
A247.0_0,247.0,BOOTHアイテムのアセット管理ツールに今まで保存しているアイテムを一括登録したい
A248.0_0,248.0,ウサギの水・餌やりを自動化したい
A249.0_0,249.0,コミットメッセージが適当になる
A250.0_0,250.0,傘を持っていくべきか迷った日に限って雨が降る
A251.0_0,251.0,レポート作成時に必要な参考文献をどこにメモしたか忘れる
A252.0_0,252.0,講義室についたらペンの芯がなくなっていることに気づく
A253.0_0,253.0,グループワークでの役割分担が不公平になりがち
A254.0_0,254.0,教室移動の際に次の教室の場所をいつも忘れてしまう
A255.0_0,255.0,デジタルノートとアナログノートのどちらを使うべきか迷う
A256.0_0,256.0,自習室で静かな席を見つけるのに時間がかかる
A257.0_0,257.0,オンラインと対面授業が混在する日のスケジュール管理が難しい
A258.0_0,258.0,図書館で借りたい本が誰かに借りられている
A259.0_0,259.0,長時間のオンライン授業で目が疲れる
A260.0_0,260.0,スマホの通知音が授業中に鳴ってしまう
A261.0_0,261.0,学食のメニューが毎日同じで飽きる
A262.0_0,262.0,資料をプリントアウトし忘れて授業に行ってしまう
A263.0_0,263.0,靴下の片方だけがなくなる謎現象
A264.0_0,264.0,履修登録期間を忘れてしまう
A265.0_0,265.0,友人との待ち合わせ場所が曖昧で見つからない
A266.0_0,266.0,ノートPCのバッテリーが授業中に切れそうになる
A267.0_0,267.0,エレベーターで降りる階を押し忘れる
A268.0_0,268.0,部屋の掃除をしても数日でまた散らかる
A269.0_0,269.0,授業資料や課題の提出先が科目ごとに異なるプラットフォームで混乱する
A270.0_0,270.0,買い物リストを作っても店で見るのを忘れる
A271.0_0,271.0,自転車の空気が減っていることに乗るときになって気づく
A272.0_0,272.0,課題の提出期限がわからなくなる時がある
A273.0_0,273.0,今、なんの花粉が飛んでいるのかわからない（いつから、いつまで）
A274.0_0,274.0,発表者がいつも同じ人になってしまう
A275.0_0,275.0,役割決めが決まらない
A276.0_0,276.0,身近な人の誕生日を忘れる
A277.0_0,277.0,季節の変わり目で服装に迷う
A278.0_0,278.0,英文の精読時に品詞に迷う
A279.0_0,279.0,英単語の発音に迷う
A280.0_0,280.0,夕ご飯を何にするか迷う
A281.0_0,281.0,自分が取得した資格を忘れる
A282.0_0,282.0,課題を全て提出したか不安になる
A283.0_0,283.0,外出時、傘を持っていくか迷う
A284.0_0,284.0,電車遅延があるかわからない
A285.0_0,285.0,旅行先での服装に迷う
A286.0_0,286.0,外食でお店の混雑具合がわからない
A287.0_0,287.0,資料を大量にペーパーでもらった時に管理に困る
A288.0_0,288.0,冷蔵庫に何が入っているかわからなくなる
A289.0_0,289.0,定期検診（歯医者）の予約をいつ頃とったらいいかわからなくなる
A290.0_0,290.0,欲しい商品がどのお店にあるのかわからない
A291.0_0,291.0,電車のどの車両が空いているかわからない
A292.0_0,292.0,災害時、外出してたらどこに避難したら良いかわからない
A293.0_0,293.0,何の服を購入するか決めるのが面倒
A294.0_0,294.0,今日何を食べればいいか決めるのに困る
A295.0_0,295.0,トイレの混雑状況などを知りたい
A296.0_0,296.0,ほとんど使用していないサブスクアプリをスマホの使用時間から教えて欲しい
A297.0_0,297.0,低額だが頻度が多い出費を管理してくれるアプリが欲しい
A298.0_0,298.0,部屋の掃除をするとき優先順位が分からない
A299.0_0,299.0,荷物を届けるときに相手が不在
A300.0_0,300.0,スマホや鍵など部屋にはあるのに行方不明になり、時間的なロスが発生する
A301.0_0,301.0,スーパーで食材を買っても結局使わず捨ててしまう
A302.0_0,302.0,スマホの充電コードが届かない位置にある
A303.0_0,303.0,外にいるときにトイレに行きたくなった場合、公衆トイレの場所などを迅速に知りたい
A304.0_0,304.0,ごみを捨てるときに燃えるゴミ／燃えないゴミ／危険物などを一瞬で判別できるようにしたい
A305.0_0,305.0,運動をするときにおすすめの場所やランニングコースといった場所を提示してくれるアプリが欲しい
A306.0_0,306.0,ティッシュがなくなったときに限って手が汚れる
A307.0_0,307.0,エレベーターが来るのが遅い
A308.0_0,308.0,Wi-Fiがたまに途切れる
A309.0_0,309.0,ポイントカードなどをいちいち財布から取り出すのが面倒
A310.0_0,310.0,電車のみならずレストランなどの混雑状況を知りたい
A311.0_0,311.0,本を借りるために図書館まで移動するのが面倒
A312.0_0,312.0,レジが混雑して面倒
A313.0_0,313.0,昼過ぎにくる急な眠気
A314.0_0,314.0,キャッシュレス決済不可な自動販売機
A315.0_0,315.0,学食がとても混雑する
A316.0_0,316.0,学食のメニューで人気商品はすぐに売り切れる
A317.0_0,317.0,朝きちんと起きれるかが不安
A318.0_0,318.0,レシピを見ながら料理をするときに、いちいち計量するのが面倒
A319.0_0,319.0,課題を出し忘れる
A320.0_0,320.0,家の鍵をかけたか不安になる
A321.0_0,321.0,電子レンジで温めたものを出し忘れる
A322.0_0,322.0,雨が降ると気づかず、洗濯物を外に干す
A323.0_0,323.0,雨の後、傘を干す作業が面倒
A324.0_0,324.0,カード決済をするとき、残高があとどのくらいなのかわからない
A325.0_0,325.0,次の授業がどの教室か忘れる
A326.0_0,326.0,次の授業が何時からか忘れる
A327.0_0,327.0,駅の改札内と改札外のトイレなど、場所によってトイレの混雑状況に差があり、たまにめっちゃ混む
A328.0_0,328.0,授業に必要なものを忘れる
A329.0_0,329.0,旅行などの荷造りでものを入れ忘れる
A330.0_0,330.0,家の掃除で、どこまで掃除機をかけたかわからない
A331.0_0,331.0,ご飯を炊いた後、残ったご飯を冷凍するのが面倒
A332.0_0,332.0,イヤホンの充電をし忘れる
A333.0_0,333.0,授業でUSBを使用した後抜き忘れる
A334.0_0,334.0,家を出るとき、エアコンを消し忘れる
A335.0_0,335.0,部屋が片付けられない。
A336.0_0,336.0,𝕏に時間を奪われる。
A337.0_0,337.0,ズボンのチャックが開いていた。
A338.0_0,338.0,紙の書類が見つからない。
A339.0_0,339.0,祝祭日だけ目覚ましの時間を変えるのが面倒。変えずにゆっくり眠れないのも嫌だ。
A340.0_0,340.0,朝シャツに着替える時に冷たいのが不快だ。
A341.0_0,341.0,雨の日に車のガラスが曇る。
A342.0_0,342.0,車に乗り降りする時に雨に濡れる。
A343.0_0,343.0,洗車してないので汚い。洗車は面倒。
A344.0_0,344.0,人とすれ違う時に右か左か決まっていると人類は幸せになれるのにと思う。
A345.0_0,345.0,仕事中も耳栓をしていたいが、見えない耳栓が存在しない。
A346.0_0,346.0,デスクにあるマウスやキーボードが邪魔。
A347.0_0,347.0,オフィスでエスプレッソを淹れていると変人扱いされる。
A348.0_0,348.0,靴の中になぜか小石が入っている。
A349.0_0,349.0,爪の端っこが裂けると痛くて最悪な状態がしばらく続く。
A350.0_0,350.0,電気自動車の充電中の時間を効率的に使いたい。
A351.0_0,351.0,髪の毛を自分で刈っているが、後ろを見ないで刈ることにリスクを感じている。
A352.0_0,352.0,写真を深度合成するのが面倒でSNSに投稿していない写真が数年分溜まっている。
A353.0_0,353.0,「傘」が100年単位で進歩していない。
A354.0_0,354.0,レーダーではなく、本当に今雨が降っているかを知りたい。
A355.0_0,355.0,息子のくもんの算数の答え合わせが面倒。
A356.0_0,356.0,息子のくもんの算数の答えが間違っていた時にどうして間違えたのかの分析をするのが大変。
A357.0_0,357.0,タイマーは時間が終わった時にしか鳴らない。
A358.0_0,358.0,お気に入りの鯛焼き屋があるが、遠方なのであらかじめ混雑状況を知りたい。
A359.0_0,359.0,社員の外国出張の費用計算をする時に、現地空港から主要都市への公共交通機関を調べるのが面倒。
A360.0_0,360.0,為替レートを大手証券会社のサイトに確認しに行くのが面倒。
A361.0_0,361.0,コーヒーを淹れる時に豆の量に対してどれくらいのお湯を注げばいいのかわからなくなる時がある。
A362.0_0,362.0,職場近隣の公共交通機関と道路の渋滞状況をリアルタイムで把握したい。
A363.0_0,363.0,雨の日と晴れの日で朝の準備物が変わるので、どちらで準備するべきか考えてしまう。
A364.0_0,364.0,忙しい時に限って天気の先読みを忘れる。翌日だけではなく3日先までの天気を起床時に手軽に知りたい。
A365.0_0,365.0,毎日食べる食品（納豆、牛乳）などを賞味期限から逆算してどれだけ買いだめできるかわかればいいのに。
A366.0_0,366.0,社内で研修をする時の配席表が自動的に作成されたらいいのに。
A367.0_0,367.0,社員の月間シフト表が自動的に組まれたらいいのに。
A368.0_0,368.0,手書きのアンケートをレポートにする時にタイプ入力しているので、手間をかけずできるようなものが欲しい。
A369.0_0,369.0,家事のタスクをアプリで管理しているが、どのタスクをするべきか自分で考えている。やるべきタスクを自動的にリストアップしてくれたらいいのに。
A370.0_0,370.0,家族が買い込んだお菓子の賞味期限を確認するのが面倒。
A371.0_0,371.0,クレジットカードの利用状況がお気に入りの金銭管理アプリに連携されない。
A372.0_0,372.0,写真を結合して印刷しているが、今使っているアプリは4枚同時の結合ができない。
A373.0_0,373.0,息子の算数力アップのために3つの数字の足し算の練習を楽しくやってもらいたい。
A374.0_0,374.0,長いデスクワークをした時の疲労度を知りたい。
A375.0_0,375.0,デスクワークが長引いた時に定期的な通知などでストレッチを促して欲しい。
A376.0_0,376.0,持っている茶碗のベストな積み方がわかればいいのに。
A377.0_0,377.0,1日のスケジュールを考えるのが面倒くさい
A378.0_0,378.0,電車の乗り換え時、ルートがわからない
A379.0_0,379.0,自分の感情が動く原因がわからない
A380.0_0,380.0,よく忘れ物をする
A381.0_0,381.0,自分が使ったお金のありかがわからない
A382.0_0,382.0,貯金シミュレーションができない
A383.0_0,383.0,1日の記録を残すのが面倒
A384.0_0,384.0,時間の使い方が下手
A385.0_0,385.0,人間関係が面倒くさい
A386.0_0,386.0,感覚を言語化するのが大変
A387.0_0,387.0,出先で雨が降られてびちゃびちゃ
A388.0_0,388.0,目標設定がコロコロ変わる
A389.0_0,389.0,スケジュール決めるときに保留になると約束そのものを忘れる
A390.0_0,390.0,旅行先のいいところ調べるのが面倒
A391.0_0,391.0,発表レイアウト考えるの大変
A392.0_0,392.0,実験条件揃えるの考えるのが面倒
A393.0_0,393.0,電話先の特定が大変
A394.0_0,394.0,美味しい地酒の名前と成分すぐ忘れる
A395.0_0,395.0,好きな配信者の配信順がわからない。コラボ含む
A396.0_0,396.0,マニュアル作りが面倒
A397.0_0,397.0,近所のスーパーや薬局で商品の値段を自宅で簡単に比較できない
A398.0_0,398.0,テストや課題の計画を立てて、それに沿って効率よく勉強したいがその計画を立てる時間がない。また最も効率の良い計画を立てるのが難しい
A399.0_0,399.0,スーパーで買い物をするとき、一人暮らしで少量しか必要ないのにたくさん入っているものの方が安い時、近くに住んでいる友人や同じようなシチュエーションのクラスメイトと共有して購入したい
A400.0_0,400.0,近くの空いている病院を教えてほしい
A401.0_0,401.0,家に帰る時間にスーパーが閉まっていることが多々あるので、スーパーに限らず近所の知り合いに代理で購入してもらいたい
A402.0_0,402.0,飛行機などのセールが始まるのが会社によってバラバラで忘れてしまったり時間によっては購入できないことがある
A403.0_0,403.0,大学で一緒に休日を過ごす友達を作りたいけど作れない
A404.0_0,404.0,洗剤やシャンプーなどの消耗品を買い忘れる
A405.0_0,405.0,クレジットカードなどお金を使い過ぎてしまう
A406.0_0,406.0,家計簿をつけたいが、めんどうくさい
A407.0_0,407.0,旅行先で友達を作りたい
A408.0_0,408.0,短時間単発のバイトをしたいが内容が大変だったり遠かったりでなかなか条件に合う仕事がない
A409.0_0,409.0,お金を払ってでもちょっとした頼み事をしたいときに頼める人がだれか分からない
A410.0_0,410.0,どの種類の花粉がどれくらいいつ飛んでいるのかわからなく、薬を用意しておくのを忘れる
A411.0_0,411.0,IKEAの商品が組み立てにくい
A412.0_0,412.0,授業中に先生までの距離が遠くて発言や質問しづらいことがある
A413.0_0,413.0,授業で分からないところがあったときに授業中すぐには聞けない
A414.0_0,414.0,気温や天気によって着る服やコーディネートを考えるのが大変
A415.0_0,415.0,成績が学期末にならないとちゃんと分からない
A416.0_0,416.0,顔の形に合ったパックが欲しい
A417.0_0,417.0,母親の飲んでいる薬が多すぎるのか、それとも適量なのかがわからない
A418.0_0,418.0,子供にとってそれが虐待にあたるのかどうか判断できない
A419.0_0,419.0,忖度すべきかどうかの判断がつかない
A420.0_0,420.0,今、自分がここで反論しているのかどうかがわからない
A421.0_0,421.0,エクセルで作っているのに、GoogleフォームからのCSVをわざわざ転記しているのが効率的かどうかわからない
A422.0_0,422.0,コーヒーなど利尿作用のある飲み物が、水分摂取量にどれだけ含まれるのかがわからない
A423.0_0,423.0,飲んでいる飲み物に利尿作用があるのかどうかがわからない
A424.0_0,424.0,今日、どれくらいの細胞が古くなったのかがわからない
A425.0_0,425.0,今日、どれくらいの細胞が再生して若返ったのかがわからない
A426.0_0,426.0,自分の運動・食事・睡眠のバランスが良いのかどうかがわからない
A427.0_0,427.0,設定したKPIが正しいものなのかどうかがわからない
A428.0_0,428.0,今日の自分の体力に見合った労働時間が何時間なのかがわからない
A429.0_0,429.0,シミがどれだけ増えたのかがわからない
A430.0_0,430.0,今日何回笑ったのかがわからない
A431.0_0,431.0,相手が本当に笑っているのかどうかがわからない
A432.0_0,432.0,「今」は昭和何年に相当するのかがわからない
A433.0_0,433.0,自分の感情が今「嬉しい」のか「悲しい」のかがはっきりしないことがある
A434.0_0,434.0,自分の行動が「休息」なのか「逃避」なのかが判断つかない
A435.0_0,435.0,健康診断の数値が悪化したときに、どの生活習慣が原因なのか特定できない
A436.0_0,436.0,1日でどの行動が自分の幸福度を高めたのかがわからない
A437.0_0,437.0,税金の使われ方がわからない
A438.0_0,438.0,政治で何が行われているか実績などがわからない。誰が正しく仕事をしているかがわからない
A439.0_0,439.0,土地の価格を瞬時に把握する手段がない
A440.0_0,440.0,出席と勤怠管理が異なること
A441.0_0,441.0,職業を知ることができない
A442.0_0,442.0,起業や節税について誰も知らない
A443.0_0,443.0,学習内容が整理されず、復習の仕組みがない
A444.0_0,444.0,買い物時にレシピを思い出しながら買うのが手間で整理されていない
A445.0_0,445.0,スペルが似ている英単語の識別が難しい
A446.0_0,446.0,学生時代に学んだ内容が将来どう活きるか見えにくい
A447.0_0,447.0,教材動画が長く、集中が続かない。短い動画が求められている
A448.0_0,448.0,デジタルと自然を両立した子ども向け教育法が乏しい
A449.0_0,449.0,起業プロセスを気軽に体験できるツールがない
A450.0_0,450.0,子供が、デジタルツールを使いつつ、自然に触れる大切さを知る必要がある
A451.0_0,451.0,英単語の似ているものを覚えるのが大変
A452.0_0,452.0,資本主義において、結果＝お金に偏りすぎて努力が評価されづらい
A453.0_0,453.0,紙のメモは後でまとめるのが面倒
A454.0_0,454.0,アイデアを出しても整理されず埋もれてしまう
A455.0_0,455.0,学生や社会人がアイデアを評価・共有できる仕組みがない
A456.0_0,456.0,AIを使ったプロトタイピングが一般に普及していない
A457.0_0,457.0,SEOや履歴によって偏った情報ばかり出る検索サイトばかり
A458.0_0,458.0,地域や国ごとの偏見がネットで拡散されやすい
A459.0_0,459.0,設立など契約書の作成に専門知識が必要でハードルが高い
A460.0_0,460.0,自分のビジネスをわかりやすく伝える仕組みがない
A461.0_0,461.0,主婦の裁量や努力が可視化・評価されにくい
A462.0_0,462.0,多くのラーメン屋で電子決済ができない
A463.0_0,463.0,Spotifyでフォロー配信の放送並び替えができない
A464.0_0,464.0,公開予定表に空きがあると会議を入れられてしまう
A465.0_0,465.0,積読本や積みボードゲームが増えてしまう
A466.0_0,466.0,遊び終わったボードゲームの駒などを収納するのに手間取る
A467.0_0,467.0,アルゴリズム改変によりSNSで自分に不必要な情報を見てしまう
A468.0_0,468.0,外出予定時間と持ち歩く電子デバイスの充電タイミングが噛み合わない
A469.0_0,469.0,歩きスマホをしている人が危ない（安全に歩きスマホできると良い）
A470.0_0,470.0,天気によって服装の組み合わせを毎日選ぶのが大変
A471.0_0,471.0,毎回アンケートに答えるのが大変
A472.0_0,472.0,研究発表会の質疑応答が活発化しない
A473.0_0,473.0,競合他社の研究開発状況が見えにくい中、自社が優位性を取りにくい
A474.0_0,474.0,空いている時に電車に乗車しても、満員になると不快になる
A475.0_0,475.0,しっかりと運動する時間を確保できない（隙間時間調整や天候による制限）
A476.0_0,476.0,わかりにくいボードゲームのルールに従わなければいけない
A477.0_0,477.0,ルーティーン作業が形骸化してしまう
A478.0_0,478.0,「答えのないテーマ」を扱う話し合いの結論が、形骸化してしまう
A479.0_0,479.0,在宅ワークを訪問セールスによって中断されてしまう
A480.0_0,480.0,電車を乗り間違えに暫く気が付かず、遠くまで移動してしまう
A481.0_0,481.0,イベントの集合写真撮影に毎回時間がかかりすぎる
A482.0_0,482.0,養蜂活動の参加者に参加回数と貢献度がわかるツール
A483.0_0,483.0,養蜂活動のスキルアップを示すNFT配布
A484.0_0,484.0,マーキングした女王バチを、リアルタイム動画で探し出せるアプリ
A485.0_0,485.0,エクセルに取り込んだファイルを、指定先のファイル形式に変更するプログラム
A486.0_0,486.0,エクセルのセル内の文字列にキーワードを見つけると、自動的に仕訳をするプログラム
A487.0_0,487.0,移動した交通費を精算するプログラム
A488.0_0,488.0,銀行勘定帳から、取引先名から経理仕訳を自動化するプログラム
A489.0_0,489.0,スキャンしたファイルから、ファイル内のデータを取り込み、ファイル名を自動化するプログラム
A490.0_0,490.0,写真を撮影したら、テキストデータを読み取って、自動仕訳するアプリ
A491.0_0,491.0,Discord上に上がってくるテキストデータを要約するプログラム
A492.0_0,492.0,撮影したバッグなどの写真データから、メーカー名やモデルを類推して割り当てるアプリ
A493.0_0,493.0,生涯学習社会において、全国の社会福祉施設で学んだ履歴を残すアプリ
A494.0_0,494.0,年間通して病院に行った履歴と費用、交通費などをまとめられるアプリ
A495.0_0,495.0,購入した本を、ISBN番号で管理して履歴を残すアプリ
A496.0_0,496.0,企業名を撮影することで、法人番号やインボイス適格請求書番号を検索するアプリ
A497.0_0,497.0,PDFファイルをドラッグアンドドロップだけで要約するアプリ
A498.0_0,498.0,エクセルのセル内の文字列にキーワードを見つけると、自動的に仕訳をするプログラム（重複・統合済）
A499.0_0,499.0,物撮り撮影した写真の白抜きを自動化するプログラム
A500.0_0,500.0,イベント用あみだくじアプリ
A501.0_0,501.0,サイトから相場を抜き出して、エクセルに落とすプログラム
A502.0_0,502.0,カーシェアで、車を乗り捨てできない
A503.0_0,503.0,ご飯屋さんで、カバンを置く場所がない
A504.0_0,504.0,米を研ぐ行為が面倒
A505.0_0,505.0,洗濯物を畳むことが面倒
A506.0_0,506.0,髪の毛を乾かすのが面倒
A507.0_0,507.0,歯を磨くのが面倒
A508.0_0,508.0,最寄り駅から絶妙に遠い場所がある
A509.0_0,509.0,小雨でも傘をさすべきか迷う
A510.0_0,510.0,突然増えた残業がつらい
A511.0_0,511.0,ハザードランプの出しっぱなしでバッテリーが上がることがある
A512.0_0,512.0,寝転んだ状態から立ち上がるのが面倒
A513.0_0,513.0,ハンガーから服が転げ落ちる
A514.0_0,514.0,重要書類にハンコを押し忘れる
A515.0_0,515.0,ガムを吐き出す場所に困る
A516.0_0,516.0,興味のない話をおばさんからされた時の対応に困る
A517.0_0,517.0,居酒屋での酒注文がスムーズにいかないことがある
A518.0_0,518.0,他人のおならを嗅いでしまった時の不快感
A519.0_0,519.0,犬のうんちを踏んでしまった時のストレス
A520.0_0,520.0,大きな汗染みを作ってしまった時の恥ずかしさ
A521.0_0,521.0,大きな看板に頭をぶつけてしまった時の痛みと恥ずかしさ
A522.0_0,522.0,朝、服装を考えるとき、外が寒いか、家の中にいるとわからない
A523.0_0,523.0,会社を出る時、傘を忘れて取りに戻ることがある
A524.0_0,524.0,遠い会場までの経路を迷う
A525.0_0,525.0,届いたメールが迷惑メールか迷う
A526.0_0,526.0,イベントの申し込みタイミングを逃すか心配
A527.0_0,527.0,スマホのバッテリーが足りなくなり、コンビニで充電器を購入することになる
A528.0_0,528.0,家の近くの駅で雨に気付き、コンビニで傘を購入。いくつも貯まる
A529.0_0,529.0,日々、体重と体温を計測して記録。たまに忘れることがある
A530.0_0,530.0,桜の咲いている公園など、その日通るべきランニングコースはどれか迷う
A531.0_0,531.0,管理するパスワードの数が増え続ける
A532.0_0,532.0,粗大ゴミを出す指定日を忘れないか心配
A533.0_0,533.0,次に髪を切る日を決めるのに予定を毎回確認する必要がある
A534.0_0,534.0,電車の何両目に乗ると降りる時に便利かわからない
A535.0_0,535.0,家族からの連絡を見逃さないか心配（LINE、電話、メール）
A536.0_0,536.0,定期的な引き落としの前に残高が足りているか気になる
A537.0_0,537.0,ランニングの準備運動のルーティンが十分には覚えられていない
A538.0_0,538.0,毎朝のニュースチェック（日経電子版）に思ったより時間をかけてしまう
A539.0_0,539.0,ランニングで普段と違うルートだと、どこにトイレがあるかすぐにわからない
A540.0_0,540.0,ランニングが終わる時に、聞いている音声メディアのコンテンツがいいところなので、やむを得ず遠回りする
A541.0_0,541.0,練習を決める際に、水泳と自転車とランニングの適切な時間配分がわからない
A542.0_0,542.0,家がすぐ汚くなる
A543.0_0,543.0,掃除機をかけるのがめんどくさい
A544.0_0,544.0,皿洗いを溜めてしまう
A545.0_0,545.0,やりたいことがどんどん増えて何から手をつければいいか分からない
A546.0_0,546.0,朝早く起きなきゃいけないのに夜更かししてしまう（スマホ見ちゃう）
A547.0_0,547.0,いつもギリギリに家を出てしまう
A548.0_0,548.0,自分がどれくらい運動不足か知りたい
A549.0_0,549.0,メモのファイルを作りすぎて整理する時しか過去のものを見ない
A550.0_0,550.0,デザインのまとめ方がわからない（色・レイアウト・用途など分け方が複雑）
A551.0_0,551.0,Pinterestはサブボードまで、Notionは関連画像が出ずアップロードが面倒
A552.0_0,552.0,いらないスクショがどんどん溜まって消すのを忘れる
A553.0_0,553.0,爪を可愛くしたいけど塗るのが面倒、落とすのも面倒
A554.0_0,554.0,ネイルがひとつの指でも剥げたら気分が落ちる
A555.0_0,555.0,人の名前を忘れる
A556.0_0,556.0,電車の空いている号車・扉の位置を知りたい
A557.0_0,557.0,現金払いしたものの記録をつけ忘れる
A558.0_0,558.0,自分にとって必要な睡眠時間がわからない・すぐに寝られない
A559.0_0,559.0,興味ある分野の、頑張れる友達が欲しい
A560.0_0,560.0,毎日自分のやる気を上げてほしい
A561.0_0,561.0,先輩にどのくらい頼っていいのかわからない
A562.0_0,562.0,適切な水分量を取れるようになりたい
A563.0_0,563.0,姿勢が良くなりたい
A564.0_0,564.0,ずっと座っているので体力が下がっている気がする
A565.0_0,565.0,外出時の気温がわからず、帰りに寒い思いをすることがある
A566.0_0,566.0,SNSで特定の人にだけ見せる投稿を毎回選択できるようにしたい
A567.0_0,567.0,写真を撮ってもあまり使う機会がない
A568.0_0,568.0,動画編集をもっとすぐできるようになりたい
A569.0_0,569.0,インスタアカウントが多すぎて、どこに何を投稿すればいいかわからない
A570.0_0,570.0,ポートフォリオ作りに時間がかかる
A571.0_0,571.0,安くて美味しい一人分の料理を作りたい
A572.0_0,572.0,おばあちゃんと話してほっこりしたい
A573.0_0,573.0,就活の情報をシェアしたい
A574.0_0,574.0,喫煙所があるところを知りたい
A575.0_0,575.0,買ったコスメが何かを忘れてしまう
A576.0_0,576.0,以前どのようなネイルをしたか確認したい
A577.0_0,577.0,企業説明会などのスケジュールを一元管理できたら便利
A578.0_0,578.0,服のサイズを忘れてしまう
A579.0_0,579.0,どこで買ったかを忘れてしまう
A580.0_0,580.0,インターン情報を一目で見たい
A581.0_0,581.0,メールの要件をまとめてほしい
A582.0_0,582.0,お花見の時に桜の種類を知りたい
A583.0_0,583.0,X（旧Twitter）が不便
A584.0_0,584.0,義務教育の申込書がアナログでめんどくさい
A585.0_0,585.0,市役所に行かないと手続きできないのがめんどくさい
A586.0_0,586.0,会員登録時に個人情報を入れるのがめんどくさい
A587.0_0,587.0,レンタル充電器がスマホの充電が切れてると借りられないのが不便
A588.0_0,588.0,推しのイベントカレンダーが欲しい
A589.0_0,589.0,薬が無くなる前に教えてほしい
A590.0_0,590.0,電車の遅延情報をすぐ知りたい
A591.0_0,591.0,銀行のカードが1枚にまとまってほしい
A592.0_0,592.0,外出する時に雨の場合のみ通知してほしい
A593.0_0,593.0,動画配信コンテンツの新作動画の口コミを知りたい
A594.0_0,594.0,変換機能がダメダメ（誤変換が多いなど）
A595.0_0,595.0,授業中にスマホをいじってるとノートがとれない
A596.0_0,596.0,鞄の中で鍵やイヤホンがすぐ見つからない
A597.0_0,597.0,課題の量が多くて優先順位がつけづらい
A598.0_0,598.0,授業の空きコマに使える場所がすぐ見つからない
A599.0_0,599.0,自販機で買いたい飲み物が売り切れだった
A600.0_0,600.0,友達と集まる時、店選びが毎回めんどくさい
A601.0_0,601.0,使われてない教室が空いているかどうか分からない
A602.0_0,602.0,家を出るまであと何分かわからない
A603.0_0,603.0,レポートの提出期限をうっかり忘れる
A604.0_0,604.0,授業の内容が難しすぎて家で復習が必須
A605.0_0,605.0,ノートを家に忘れて復習できない
A606.0_0,606.0,研究室のスケジュールが急に変わるのに伝わらない
A607.0_0,607.0,お弁当の中身がいつも同じで飽きる
A608.0_0,608.0,授業で使う資料が急に変更される
A609.0_0,609.0,「いつ空いてる？」と言われた時にすぐ答えられない
A610.0_0,610.0,サークルや研究室の予定がバラバラで調整しづらい
A611.0_0,611.0,自分の体調が悪化してるのに気づかない
A612.0_0,612.0,電車の遅延情報がリアルタイムで分かりにくい
A613.0_0,613.0,学校のWi-Fiがすぐ切れる
A614.0_0,614.0,スマホの通知が多すぎて大事な情報を見落とす
A615.0_0,615.0,バスが満員で乗れないことがある
A616.0_0,616.0,傘を忘れた日に限って雨が降る
A617.0_0,617.0,講義の課題提出日を忘れがち
A618.0_0,618.0,バスや電車が満員かどうか事前に分からない
A619.0_0,619.0,大学のトイレが混んでいて急いでいるときに困る
A620.0_0,620.0,カフェの電源席が空いているか行ってみないと分からない
A621.0_0,621.0,実験室の装置が予約で埋まっているか現地で確認しないといけない
A622.0_0,622.0,通学時間帯の天気変化に対応できず濡れる
A623.0_0,623.0,勉強中にスマホをいじってしまう
A624.0_0,624.0,課題の提出有無を忘れる
A625.0_0,625.0,同じような名前の課題ファイルで混乱する
A626.0_0,626.0,勉強スペースが空いているかどうか分からない
A627.0_0,627.0,自転車置き場が満杯か行ってみないと分からない
A628.0_0,628.0,エレベーターが遅くて時間を無駄にする
A629.0_0,629.0,友人に借りたものを返し忘れる
A630.0_0,630.0,グループワークで誰がどこまでやったか見えづらい
A631.0_0,631.0,急な休講に気づかない
A632.0_0,632.0,食堂が混んでいるかどうかが分からない
A633.0_0,633.0,大学のWi-Fiが弱い場所がある
A634.0_0,634.0,プリンターの紙切れに気づかず印刷できない
A635.0_0,635.0,実験結果の記録を忘れてしまう
A636.0_0,636.0,電車の遅延がわかりたい
A637.0_0,637.0,定期込みでの電車の運賃を知りたい
A638.0_0,638.0,快速の電車の時間帯を知りたい
A639.0_0,639.0,駅の中にゴミ箱があるかどうか知りたい
A640.0_0,640.0,ロードが長い
A641.0_0,641.0,自転車置き場で、自転車同士の密度が高い
A642.0_0,642.0,院進の日程がわからなくて怖い
A643.0_0,643.0,他の研究と内容が被ってないかが怖い
A644.0_0,644.0,傘が必要なレベルの雨なのか知りたい
A645.0_0,645.0,駅の混雑状況を知りたい
A646.0_0,646.0,駅周辺でイベントをやってるかどうか知りたい
A647.0_0,647.0,課題が終わってるかどうかが不安
A648.0_0,648.0,キャパが限界を超えていないか不安
A649.0_0,649.0,忘れ物がないか不安
A650.0_0,650.0,図書館が閉館日であることを忘れてしまってきてしまった
A651.0_0,651.0,帰りに買い物をする予定だったのに忘れてしまった
A652.0_0,652.0,電子マネー決済の方法がわかりづらい
A653.0_0,653.0,ハンバーガーのサイズがいまいちどのぐらいなのかが分かりずらい
A654.0_0,654.0,アカウント側でロックされてるのに、授業で必要な機能がある
A655.0_0,655.0,久しぶりに会った友達の名前が思い出せない
A656.0_0,656.0,坂や信号、人の往来が少ないといった条件に基づく最適なジョギングコースがわからない
A657.0_0,657.0,ルーティンメールを送るのが面倒。あと伸ばしにして忘れてしまう
A658.0_0,658.0,カフェの電源席が空いてるか行ってみないと分からない
A659.0_0,659.0,アルコールを飲んだ人、飲まない人を区分して飲食代を計算したい
A660.0_0,660.0,見知らぬ土地でのジョギングは道がわからず、迷子になる
A661.0_0,661.0,クライアントリストがあるだけで、活用できていない
A662.0_0,662.0,フリーアドレスのオフィス。どの席が空いているかわからない。
A663.0_0,663.0,ポッドキャストでいい内容だなと思ってもそれがどれだったかわからなくなる
A664.0_0,664.0,様々なプラットフォームからいい情報を受けても忘れてしまう、情報源がわからなくなる
A665.0_0,665.0,ローカルやストレージ、仕事上のデータがカオス。どこになにがあるのやら
A666.0_0,666.0,服のコーディネイトの効率を上げたい。今年何を買い足せばいいのか無駄がないのかわからない
A667.0_0,667.0,インテリアコーディネイトが苦手。希望の雰囲気を具現化できない
A668.0_0,668.0,早起きなのだけど、外出時間までつい準備にだらだらしてしまう
A669.0_0,669.0,"wifi,電源カフェの空席情報を店舗横断で探したい"
A670.0_0,670.0,スーパー音痴のくせに音楽大好き。好きな曲に自分の声をのせてうまく歌いたい
A671.0_0,671.0,長距離ラン、中盤以降はきついし退屈。音楽以外で気を紛らわせたい
A672.0_0,672.0,行こうと思ってた映画と美術館、気づいたら終わってる
A673.0_0,673.0,リモートと出社のハイブリッド。出社してる社員の顔ぶれを見て出社日をきめられたら。
A674.0_0,674.0,家庭でも会社でも溜まる一方のビニール傘。急な雨で困っている方に差し上げたい。サステナブルなループをつくれたら。
A675.0_0,675.0,レストランのメニューの料理名、聞かないとわからないものがあり面倒な時がある
A676.0_0,676.0,GoogleMAPの徒歩経路、最短距離じゃなくて、歩いて楽しい、消費カロリーが高いなど好みのルートを候補にあげてくれたなら。
A677.0_0,677.0,家の鍵を閉めたか不安になる
A678.0_0,678.0,長期間家を空けるときに必要な確認
A679.0_0,679.0,悩み事の相談
A680.0_0,680.0,落ち込んだ時の解決法
A681.0_0,681.0,終わったタスクが消えるやることリスト
A682.0_0,682.0,日常に刺激が欲しい
A683.0_0,683.0,PayPayの決済音を消す
A684.0_0,684.0,消耗品の在庫管理
A685.0_0,685.0,直近で新しく始めたもののメモ
A686.0_0,686.0,最近使ってないアプリの通知
A687.0_0,687.0,同じ画像を保存し内容にしたい
A688.0_0,688.0,新規アカウント作成を楽にしたい
A689.0_0,689.0,文字数カウント
A690.0_0,690.0,迷惑電話チェッカー
A691.0_0,691.0,夜ご飯提案
A692.0_0,692.0,日頃の行いをポイント化して記録
A693.0_0,693.0,課題が提出できているか不安
A694.0_0,694.0,必要単位数と足りない単位を計算
A695.0_0,695.0,料理の再現
A696.0_0,696.0,賞味期限切れを防ぎたい
A697.0_0,697.0,薬を一日何回、何錠どのタイミングで飲むかややこしい
A698.0_0,698.0,学食の混雑状況がわからない
A699.0_0,699.0,ゴミの日忘れてしまう
A700.0_0,700.0,ネット注文の品が思ってたのと違う
A701.0_0,701.0,自習室の混雑状況がわからない
A702.0_0,702.0,使えるコンセントのある場所がわからない
A703.0_0,703.0,広い駅の乗り換えで迷う
A704.0_0,704.0,広い駅の出口がたくさんあって迷う
A705.0_0,705.0,日用品の残量確認を忘れてなくなってしまう
A706.0_0,706.0,車で狭い道を通りたくない
A707.0_0,707.0,部屋の電気を消し忘れる
A708.0_0,708.0,毎日献立を考えるのが大変
A709.0_0,709.0,講義の課題の締め切りがそれぞれあってこんがらがる
A710.0_0,710.0,講義資料が沢山あってまとめられない
A711.0_0,711.0,それぞれの曜日で最初の講義の時間がバラバラで確認が大変
A712.0_0,712.0,スマホだけ持って出かけようとすると免許証を忘れて不携帯状態になってしまう
A713.0_0,713.0,エアコンのリモコンがなくなる
A714.0_0,714.0,学内の個室トイレの空き状況がわからない
A715.0_0,715.0,冷蔵庫の奥でいつのまにか期限切れになっている
A716.0_0,716.0,ワイヤレスイヤホンが行方不明になる
A717.0_0,717.0,家の中でスマホをどこに置いたか忘れる
A718.0_0,718.0,読んだ本、内容を忘れる
A719.0_0,719.0,家の鍵をかけたか分からなくなる
A720.0_0,720.0,床屋に行くタイミングがズレる
A721.0_0,721.0,雨が降る予報があったのに傘を忘れる
A722.0_0,722.0,買い物リスト忘れる
A723.0_0,723.0,駐車場で駐車位置を忘れる
A724.0_0,724.0,食べ物の写真でカロリーを表示
A725.0_0,725.0,PTAや地域イベント、ボランティアで働き手が少ない
A726.0_0,726.0,コンタクト2週間の交換時期を忘れる
A727.0_0,727.0,出先で雨が止んだとき傘を忘れる
A728.0_0,728.0,飲む薬が分からなくなる
A729.0_0,729.0,飲み会のスケジュール調整
A730.0_0,730.0,友人と行った旅行の現地で各々支払った金額の割り勘が面倒
A731.0_0,731.0,旅行が計画通り行かなかった時のスケジュール調整が難しい
A732.0_0,732.0,出張経費の領収書管理
A733.0_0,733.0,晩ご飯、洗い物当番を忘れる
A734.0_0,734.0,体重増加の要因と飲食・行動の関連性が分からない
A735.0_0,735.0,パートナーとの記念日を忘れる
A736.0_0,736.0,電車の乗り換えが複数回ある時、どこで乗り換えるか分からなくなる
A737.0_0,737.0,買い物へ行った際、駐車した場所が分からなくなる
A738.0_0,738.0,英語論文を読むのが難しい．
A739.0_0,739.0,研究室の冷暖房が自動で消えてしまい，気がついたら室温が上昇している．
A740.0_0,740.0,喫煙可能な場所がわからない．
A741.0_0,741.0,コインパーキングの空き状況がわからない．
A742.0_0,742.0,野球場の飲食店の混雑状況がわからない．
A743.0_0,743.0,100円ショップで，商品名はわかるが，ジャンルが不明な商品のジャンル検索．
A744.0_0,744.0,スーパーで買い物する際に，効率なルートがわからない．
A745.0_0,745.0,課題を提出したかわからない．不安になる．
A746.0_0,746.0,写真に余計なものが入り込んでいる．消したい．
A747.0_0,747.0,図書館の本がどこにあるか探すのに時間がかかる．
A748.0_0,748.0,キャンパス内の自販機に何が入っているか遠くからわからない．
A749.0_0,749.0,奨学金や助成金の申請情報がわかりにくい．
A750.0_0,750.0,学内での落とし物の問い合わせシステムが効率的でない．
A751.0_0,751.0,学食の混雑状況がリアルタイムでわからない．
A752.0_0,752.0,オンライン授業と対面授業が混在する日のキャンパス移動が大変．
A753.0_0,753.0,キャンパス内の静かに勉強できる場所を見つけるのが難しい．
A754.0_0,754.0,教授のオフィスアワーが自分の空き時間と合わない．
A755.0_0,755.0,講義の録音・録画が許可されず、後から復習するのが難しい．
A756.0_0,756.0,教室の温度調節ができず、寒すぎたり暑すぎたりする．
A757.0_0,757.0,サイトの登録の際に，パスワードを考えるのがめんどくさい．
A758.0_0,758.0,毎日最新のAI情報を取得するのが大変。そしてたまに全く関係ない記事を見てしまう。
A759.0_0,759.0,得た情報を読むのが大変。最近は本を読むことすら遅くなった。
A760.0_0,760.0,得た情報を理解するのが大変。私のおつむでの処理に限界。
A761.0_0,761.0,新規の事業アイデアを考えるのが途中で無のループに入る。結局なんだっけ？ってスタートに戻る。
A762.0_0,762.0,日本だけでなく海外のYouTubeが英語がわからなくて見れない。まずは英語を勉強したい
A763.0_0,763.0,見積もりを作るのが大変。ほんと泣きそう
A764.0_0,764.0,犬の散歩ルートに困る。同じ道ばかり気が付けば歩いている。
A765.0_0,765.0,庭の野菜の飼育記録やどうしたらいいのか分からず枯らす
A766.0_0,766.0,ゴミの分別が難しい。いつも怒られる
A767.0_0,767.0,人の名前と顔が覚えられない。致命的です。
A768.0_0,768.0,自治体情報誌から自分に関連する項目を呼び出したい。大切なことも書いてたりするので。
A769.0_0,769.0,メモを書いてどこに書いたか忘れる。メモの意味をなしていない。
A770.0_0,770.0,健康診断の結果がわからない。結局これはなんなの？って脅かされたり平気な顔してヤバかったり？
A771.0_0,771.0,議会の発言をニュースではなくファクトで事実からまとめてみたい。情報の波にのまれ内容に
A772.0_0,772.0,DBの情報をLINEから引っ張り出したい。情報を簡単に引っ張り出せたら早くて便利だよなぁ
A773.0_0,773.0,会議の録画や録音を見返したり聞き返すのが大変。録音してもiPhoneの容量を食わせて終わってることが多いの。
A774.0_0,774.0,マイクラで次何するか悩む。建築が下手でセンスなし
A775.0_0,775.0,使ってないスマホアプリを整理したい。ついついたくさんダウロードして試してしまう。
A776.0_0,776.0,現場やプロジェクト管理が人によって違うのをまとめたい。ほんまDiscordに統一してほしい。たまにめっちゃニッチなアプリ指定された時には。。。
A777.0_0,777.0,電話でしか予約できない店に電話するのがめんどくさい？
A778.0_0,778.0,未提出の課題の確認
A779.0_0,779.0,空いている駐輪場の確認
A780.0_0,780.0,乗る電車の確認
A781.0_0,781.0,イヤホンを無くしてしまう
A782.0_0,782.0,同じ授業を履修している知り合いの確認
A783.0_0,783.0,プリンターが使いにくい
A784.0_0,784.0,スマホの容量がすぐにいっぱいになる
A785.0_0,785.0,バス停の場所がわかりずらい
A786.0_0,786.0,椅子が硬くて疲れる
A787.0_0,787.0,保存先を忘れる
A788.0_0,788.0,ファイル名を考えるのが面倒
A789.0_0,789.0,パスワードを忘れる
A790.0_0,790.0,スパムメールが多い
A791.0_0,791.0,就活情報が整理できない
A792.0_0,792.0,スマホの写真が多くて整理できない
A793.0_0,793.0,キーボードやマウスが汚れるのが気になる
A794.0_0,794.0,印刷した資料のミスを直しにくい
A795.0_0,795.0,SNSで時間が溶ける
A796.0_0,796.0,掃除をさぼって部屋が汚くなる
A797.0_0,797.0,電車内だとWi-Fiがつながりにくい
A798.0_0,798.0,バスの中の空きスペースが不均一。→ヒートマップが欲しい（混雑状況の可視化）
A799.0_0,799.0,人の顔をあんまり覚えられないので、名前の漢字と顔を組み合わせた（融合した）半ばイラストな画像を作りたい。
A800.0_0,800.0,暗号資産の見える化（どこにあるか分からない。リワードも分からない）
A801.0_0,801.0,議事録：LINEアカウントとプロダクトの連携
A802.0_0,802.0,毎回発注するのがめんどくさい → ポイント制でチケットをすぐ使えるようにしたい。クローズド？
A803.0_0,803.0,朝まだ寝ぼけているが起きている感じで稼働してるようにしたい（ボットとか）→gmのDiscord
A804.0_0,804.0,スモールサービス/ビジネスでの課金と利益配分をスピーディーにしたい＝DAOでのイベントとか（オープンウォレット×ステーブルコイン）
A805.0_0,805.0,Peatixでイベントを立てる際に毎回同じ内容を記載しないといけない？
A806.0_0,806.0,桜マップの穴場版。混んでいるので家の近くとか穴場の1本でもいい説
A807.0_0,807.0,1日の予定、用事の順番とルート（荷物、移動距離、回遊性考慮してくれる。途中で行きたいリストからカフェも入れる。）
A808.0_0,808.0,同じような資料のバージョン違いを分析したりしたい。どのバージョンにどのページが入っているか分からなくなるので…（内容と意図・方向性付きで）
A809.0_0,809.0,要らないメーリスを削除する作業がだるい
A810.0_0,810.0,会話バランスの可視化がしたい。自分語りで終わらないように、最後相手により良い形で話を返すなど
A811.0_0,811.0,読書会で紹介してもらった本、誰が紹介してくれたか集計
A812.0_0,812.0,必要な人にアクセス権を付与せず（何年か前のファイルとか）
A813.0_0,813.0,レシートの経費化を忘れて、印刷がかすれているので使えなくなる
A814.0_0,814.0,共有ファイルのアクセス権設定
A815.0_0,815.0,社内の図書貸出がアレになっている
A816.0_0,816.0,マイクロインプレッションから体調、精神状態の管理
A817.0_0,817.0,パパッと遺書（軽く死の危険がある時にすぐ発行できる。例：万博行くなど）
A818.0_0,818.0,通学時間中に雨が降るのかわからない
A819.0_0,819.0,学校、バイト先、電車の中など色々なところによく傘を忘れてしまう。
A820.0_0,820.0,気づいたらスマホを触りすぎてしまっている。
A821.0_0,821.0,今日の花粉の散布量を「朝起きた時に」知りたい。
A822.0_0,822.0,自分のやりたいことをスケジュール化するのが難しい。
A823.0_0,823.0,バイトの日程をいちいちカレンダーに入れるのがめんどくさい。
A824.0_0,824.0,薬の飲み忘れが多発している。
A825.0_0,825.0,家から最寄駅までの道路が混んでいるかを一発で確認したい。
A826.0_0,826.0,クレジットカードの請求がそれぞれ違う日に来るので、今月いくら引き落とされるのかが分かりづらい。
A827.0_0,827.0,寝る前に明日の時間割やスケジュールを確認したい。
A828.0_0,828.0,なんとも言えない天気、気温の時、何を着ればいいのか迷う。
A829.0_0,829.0,家の鍵を閉め忘れたか、電気を消したか不安になる時がある。
A830.0_0,830.0,通知が多すぎて大事な連絡を見逃してしまう。
A831.0_0,831.0,思いついたことを一瞬でわすれてしまう。
A832.0_0,832.0,お金をチリツモで使いすぎてしまう。
A833.0_0,833.0,なんの課題をいつやればいいのか、スケジュールを立てるのがめんどくさい。
A834.0_0,834.0,自分の趣味に関する最新情報を一覧で見たい。
A835.0_0,835.0,一度やる気だしてやろうと思ったことのモチベーションが続きにくい。
A836.0_0,836.0,学食が空いている時間を知りたい。
A837.0_0,837.0,家にお菓子があるのに、お腹空いている時に色々買ってしまう。
A838.0_0,838.0,提出期限がいつまでかわからない
A839.0_0,839.0,パーキングの混雑度が行ってみなきゃわからない
A840.0_0,840.0,雨の日で傘がない時屋根が全然無い道で濡れてしまう
A841.0_0,841.0,カラオケのお店で機種ごとの混雑度が分からない
A842.0_0,842.0,電車で遅延してるのはわかるが何分遅延してるか正確にわからない
A843.0_0,843.0,東京駅などでかい駅での乗り換えが分かりにくい
A844.0_0,844.0,どこのサウナ行くか迷った時に空いてる方に行きたいがサウナの混雑度が分からない
A845.0_0,845.0,都内などでトイレ行きたくてコンビニ寄ったのにトイレがない
A846.0_0,846.0,ダイソーなどお店によって若干取り扱ってるものが違くて目的の商品を買うのに何個もお店を回った
A847.0_0,847.0,アプリで気温は見れるけどいまいち厚着した方がいいかなどわからない
A848.0_0,848.0,周辺のイベントを把握してなくていつも混んでない道なのに混んでることがある
A849.0_0,849.0,都内などでファストフードに行く時駐車場があるかすぐ分からない
A850.0_0,850.0,飲み会で誰が支払ってて誰がまだ支払ってないか分からない
A851.0_0,851.0,飲み会で割り勘する時にキリのいい数字で割り勘するのが難しい
A852.0_0,852.0,家計簿みたいのつけたいけど結局つけ忘れるとこ多くて出来ない
A853.0_0,853.0,電車でどこの車両が空いているか知りたい
A854.0_0,854.0,どこの自動販売機がPayPay使えるか分からない
A855.0_0,855.0,気温じゃなくて体感温度が知りたい
A856.0_0,856.0,街中にある言葉で英語でなんて言うんだろうと思ってもすぐわからない
A857.0_0,857.0,電車で中国語の表示があるがどう発音するのか興味がわくがすぐに調べられない
A858.0_0,858.0,授業確認のためにいちいちmanabaやCITポータルを開かないといけないのが大変
A859.0_0,859.0,雨の日など、バスが遅れているかどうかがわからない
A860.0_0,860.0,始めていくような所での道のりや所要時間がわからない（前日や向かっている最中の時）
A861.0_0,861.0,カラオケに行くときに部屋の空き情報がわからない
A862.0_0,862.0,一つのメールアドレスに就活、遊び、メルマガなど登録してしまって何が何だか分からなくなる
A863.0_0,863.0,外で急にトイレに行きたくなった場合、コンビニによってはトイレがなくて困る
A864.0_0,864.0,学割に必要な書類が学校でしか印刷できない
A865.0_0,865.0,ICカードにチャージする方法がクレジットか現金しかない
A866.0_0,866.0,居酒屋等ご飯を食べに行ったときに割り勘以外お会計の計算がめんどくさい
A867.0_0,867.0,ポイントカードを登録せずにポイントがためられてしまう（ponta）
A868.0_0,868.0,千葉工大の学生証が身分証として使えない
A869.0_0,869.0,一部デビットカードをスマートフォンに入れられない
A870.0_0,870.0,普通の授業じゃなく、ゼミなどの出席の管理ができない
A871.0_0,871.0,電車の1両ごとの混雑度を知りたい
A872.0_0,872.0,モバイルオーダー等、時間を指定するorその場で注文しなければいけない
A873.0_0,873.0,自販機でデビットカードが使えない
A874.0_0,874.0,時間割を自分で決めないといけない
A875.0_0,875.0,複数の課題やテストの締切をひと目で管理できない
A876.0_0,876.0,講義動画が倍速再生できない or スマホで見にくい
A877.0_0,877.0,研究室やゼミでの連絡がLINEや口頭で属人化している
A878.0_0,878.0,知り合いにものすごい頻度で茶会を開催する人がいるが、道具が今どこにあるかよく分からなくなっている
A879.0_0,879.0,たくさんの道具の中から季節・フォール度・テーマ等で道具組を選ぶのが難しい
A880.0_0,880.0,「茶会記」というものを毎回書くが、自動でやりたい
A881.0_0,881.0,道具の説明も、パターン化すると予想されるのでマスター化して効率化を図りたい
A882.0_0,882.0,茶道具には「箱書き」というものがあるが、読むのが難しい
A883.0_0,883.0,同じテーマで同じ日に茶会をしている人とつながりたい
A884.0_0,884.0,大人数のコンサートを運営する際、曲名のかぶりや出演希望時間帯などを考慮したプログラム組みが大変
A885.0_0,885.0,行ったコンサートの記録が面倒であきらめている
A886.0_0,886.0,たくさんの曲の中から、調性やテーマ・難易度・演奏時間を考慮した魅力的なプログラムを組みたい
A887.0_0,887.0,推しピアニストがコンサートの宣伝にやる気がないため、海外での演奏予定が直前（または直後）しか分からない
A888.0_0,888.0,楽曲分析が複雑。調が変わったところくらいはAIで判断して教えて欲しい
A889.0_0,889.0,今同じ曲を弾いている人とつながりたい
A890.0_0,890.0,弾ける曲のリストをシェアできる仕組みが欲しい（伴走者向け）
A891.0_0,891.0,ほとんどの演奏者には演奏機会がない
A892.0_0,892.0,目を瞑った写真や変な顔の写真を自動で見つけて削除対象の提案をして欲しい
A893.0_0,893.0,初心者向けに、状況に応じたカメラの設定や画角を自分の好きなテイストに合わせて指示して欲しい
A894.0_0,894.0,ソフトウェアの運用におけるエラー管理が煩雑
A895.0_0,895.0,マニュアルをWordで書こうとする人たちがいる
A896.0_0,896.0,休日にインシデントが発生した際の対応・連絡を効果的に行いたい
A897.0_0,897.0,インシデント訓練を劇場型で面白く行いたい
A898.0_0,898.0,自身のTodoを管理しきれない
A899.0_0,899.0,友達との予定を共有するのが大変
A900.0_0,900.0,スケジュール（日付）のなかでの予定（時間ごと）が把握しにくい
A901.0_0,901.0,ジムでの自分の記録を把握しにくい
A902.0_0,902.0,調べたことに対して、どのサイトを活用したか忘れてしまう
A903.0_0,903.0,複雑な条件下での繰り返し動作をさせたい
A904.0_0,904.0,天気や気温を把握せずに家を出てしまう
A905.0_0,905.0,メモを視覚的にまとめたい
A906.0_0,906.0,資格勉強の学習記録をまとめたい
A907.0_0,907.0,一つのサイト内で複数のログインがある時にパスワードの自動登録で管理しきれない
A908.0_0,908.0,移動時間の相関がわからない（自転車→徒歩）
A909.0_0,909.0,料理をする際に、料理名に対して成分表示はあるが、材料に対しての成分がわからない
A910.0_0,910.0,株や暗号通貨などの様々な資産をリアルタイムに管理したい
A911.0_0,911.0,SNSの交換を一括でできるようにしたい
A912.0_0,912.0,名刺交換のように携帯でプロフィール交換をしたい
A913.0_0,913.0,お店で料理名を見ても想像できない時がある
A914.0_0,914.0,AIを使いたい時にどのAIを使うかに悩む
A915.0_0,915.0,人のことを覚えるのが苦手
A916.0_0,916.0,お店選びをする時にみんなの希望を叶えるのが大変
A917.0_0,917.0,旅行などでの費用をまとめるのが大変
A918.0_0,918.0,薬を飲んだかわからなくて不安になる
A919.0_0,919.0,会議などで最後に「質問はありますか？」と聞かれた時に、誰も質問しない時間が気まずい
A920.0_0,920.0,自分の手持ちの服装で、服装指数に適したコーデがさっと出したい
A921.0_0,921.0,会食などの店選びで、飲食店やスポットで喫煙ができる場所をわかるようにしたい
A922.0_0,922.0,昼に飲みたくなった時にパッと昼飲みできるところを知りたい
A923.0_0,923.0,ベビーカーで移動する時に、思ったより遠回りしなくちゃいけないのがしんどい
A924.0_0,924.0,桜が一本から生えてる場所を知りたい
A925.0_0,925.0,やりたい髪型が明確にあるのに、めぼしい画像がなくて伝えられない
A926.0_0,926.0,子供でも楽しめる遊び場やイベントを当日に探すのがめんどくさいし難しい
A927.0_0,927.0,マナーの悪い外国人に、注意ができなくてモヤモヤした
A928.0_0,928.0,毎日しっかり世界情勢などを把握したいが、情報量が多すぎて何を見ればいいかわからない
A929.0_0,929.0,選挙の時に、情報を知りたいのに何から見ればいいのかわからないので決め手がない
A930.0_0,930.0,傘を持って外出したのに結局一度も使わず邪魔になる
A931.0_0,931.0,公園内などで友達と集まる時、誰がどこにいるか分からなくて集合に時間がかかる
A932.0_0,932.0,せっかく本や映画を見ても内容をすぐ忘れてしまう
A933.0_0,933.0,読書メモを取りたいけど、書くのがめんどくさくて挫折する
A934.0_0,934.0,映画や音楽を観たあとに感想を残そうと思っても、忘れてしまう
A935.0_0,935.0,嫁が作ってくれた美味しかったメモリストを作りたくても作れない
A936.0_0,936.0,自分の「気分の波」に名前をつけたり可視化できたら、もうちょい自己管理しやすいのに
A937.0_0,937.0,SNSで誰かの活躍を見て、「自分もがんばらなきゃ」と焦ってしまう
A938.0_0,938.0,時間管理し、生活リズムを整えたい
A939.0_0,939.0,学校での役員や高齢者の子ども見守るボランティアなど金銭の関わらない案件にインセンティブを与えたい
A940.0_0,940.0,手間なく知見の共有を行いたい
A941.0_0,941.0,冷蔵庫の中身を共有したい
A942.0_0,942.0,スーパーなどの小売り店舗在庫の共有(※米不足で探し回る)
A943.0_0,943.0,保育園などでの子供たちの体調管理表(カルテみたいなもの)
A944.0_0,944.0,上層部の会議内容の情報をうまく部下に共有、また上層部へと循環させたい
A945.0_0,945.0,バス停に電光掲示板でリアルタイムな動きを通知(お年寄り用)
A946.0_0,946.0,家族・親族でお互いの日常を共有できるアプリ
A947.0_0,947.0,子育ての親、身体的不自由のある方だからこその居場所を見つける
A948.0_0,948.0,市や区が行う事業の発信力を強くしたい
A949.0_0,949.0,現在の家電の健康状態を知りたい
A950.0_0,950.0,家に訪問した意図を伝言で残せるよう誘導する自動会話bot
A951.0_0,951.0,帳票フォーマットのばらつきの統一化
A952.0_0,952.0,母子手帳情報のデータ化
A953.0_0,953.0,電気の請求書で家電ごとの金額が知りたい
A954.0_0,954.0,子供が怖い夢を見ないようにしてあげたい
A955.0_0,955.0,アナログ書籍の内容をNotionなどでまとめるときに時間がはちゃめちゃにかかる
A956.0_0,956.0,定期的に飲まなきゃいけない薬の管理と短期間での効果測定
A957.0_0,957.0,物流分野でのパレットの管理共有
A958.0_0,958.0,配送トラックのタクシー化
A959.0_0,959.0,職場で直近の技術と距離が置く人が多く、社内はレガシー思想であふれている
A960.0_0,960.0,行きたいお店を直ぐにリスト化するサービスが欲しい
A961.0_0,961.0,パソコンとスマホのデータ共有をもっと簡単にしたい
A962.0_0,962.0,映画とか本の感想やまとめを簡単に出来るデータベースが欲しい
A963.0_0,963.0,好きなアーティストのイベントをまとめてみたい
A964.0_0,964.0,ライブに行った記念を簡単に共有したい
A965.0_0,965.0,買ったグッズの整理を簡単にしたい
A966.0_0,966.0,名前と顔の一致が難しい
A967.0_0,967.0,英語での会話を聞き取れない
A968.0_0,968.0,物を無くしやすい
A969.0_0,969.0,オンライン会議出来る場所を簡単に探したい
A970.0_0,970.0,忘れ物を少なくしたい
A971.0_0,971.0,家計簿を簡単に管理したい
A972.0_0,972.0,スマホ、iPad、PCの全てでデータ管理を簡単にしたい
A973.0_0,973.0,AIの出力を一元管理したい
A974.0_0,974.0,製品の比較を個人の趣味嗜好でしたい
A975.0_0,975.0,充電のし忘れを無くしたい
A976.0_0,976.0,買いたいものを忘れないようにしたい
A977.0_0,977.0,一日の服装を簡単に決めたい
A978.0_0,978.0,電源コードが絡まるのを防ぎたい
A979.0_0,979.0,ゴミの分別を簡単にしたい
A980.0_0,980.0,対話型アート鑑賞の作品選びに悩む。（対象者やテーマに合うもの）
A981.0_0,981.0,写真はたくさん撮るが、Instagramにアップするのが面倒。
A982.0_0,982.0,写真はたくさん撮るが、Facebookに写真入り投稿を作るのが面倒。
A983.0_0,983.0,Stand.fmの配信ネタがなくなり更新が途絶えがち。
A984.0_0,984.0,本を耳読中、気になった箇所を簡単にメモできない。
A985.0_0,985.0,紙本やデジタル本（Kindle）で気になった箇所をメモするのが面倒。
A986.0_0,986.0,視聴したYouTube動画にタイムスタンプがないと、後から見返すのが大変。
A987.0_0,987.0,スマホでメールマガジンを耳読するための操作が面倒（メール探す→コピー→音声アプリにペースト）。
A988.0_0,988.0,父が入院中で、医師からの病状説明を要約して家族にシェアするのが負担。
A989.0_0,989.0,多目的ベッドがある公共トイレが見つけづらい。（トイレ介助が必要な成人身障者との旅行など）
A990.0_0,990.0,健康管理で食事ログをつけたいが、面倒に感じて続かない。
A991.0_0,991.0,美術館の展示が混雑しているかどうか、事前に分からない。
A992.0_0,992.0,あまり親しくない人との雑談で最初の話題選びに困る。
A993.0_0,993.0,コミュニティや知人との連絡手段が複数（Facebook、Discord、Instagram、LINE等）に分散していて煩雑。
A994.0_0,994.0,着物を着るときに柄合わせや格式の判断に自信がない。
A995.0_0,995.0,駅のホームでエレベーターの位置が分かりづらい。
A996.0_0,996.0,会議や講座で取ったメモの整理が後回しになりがち。
A997.0_0,997.0,夜中に目が覚めて水を飲みたい時、照明を暗めに調整しづらい（再入眠の妨げになる）。
A998.0_0,998.0,ランチメニューを決めるのに迷う。
A999.0_0,999.0,朝、着る服を決めるのに迷う。
A1000.0_0,1000.0,スマホ内に溜まりすぎた写真の整理が億劫。
A1001.0_0,1001.0,観たい映画・ドラマが複数の動画サービス（Netflix、Amazon Prime、DMMなど）に分散していて不便。
A1002.0_0,1002.0,スーパーやドラッグストアでスマホのポイントカードアプリを出すのに手間取る。
A1003.0_0,1003.0,美容院の予約を面倒に感じ、つい放置してしまう。
A1004.0_0,1004.0,身障者の娘の介助負担が重い遠隔に住む妹家族へのサポート方法がむつかしい。
A1005.0_0,1005.0,つい睡眠時間を削りがち。
A1006.0_0,1006.0,電車に乗るときに、現在地から駅までの時間を考慮しなければならない
A1007.0_0,1007.0,朝何時に起きればいいのか、逆算するのが面倒
A1008.0_0,1008.0,課題の提出日時を忘れる
A1009.0_0,1009.0,小銭を数えて結局少し足らない
A1010.0_0,1010.0,クレジット使ってから反映されるまで時間かかるからいくら使ったかわかりづらい
A1011.0_0,1011.0,立て替えた分や借りた分などがあいまいになる
A1012.0_0,1012.0,メルカリ、利益出したい分を考えるのが大変
A1013.0_0,1013.0,貯めたい金額は決まっていて、それまでどれくらい働く必要があるのかを考えるのが大変
A1014.0_0,1014.0,漢字の読み方だけでなく、熟語の意味も分からない
A1015.0_0,1015.0,冷蔵庫の中のもので何が作れるか
A1016.0_0,1016.0,欲しいカメラの価格変動を見るのに、いちいち検索している
A1017.0_0,1017.0,ゴミの日を忘れる
A1018.0_0,1018.0,家のカギ閉めたか心配
A1019.0_0,1019.0,英語の発音がわからない
A1020.0_0,1020.0,買いたい本があるのに忘れて違う本を買ってしまう
A1021.0_0,1021.0,明日のことも考えて今日の服を決めること
A1022.0_0,1022.0,電車アプリでは遅延していないのに、実際に駅行ってみたら遅延してる
A1023.0_0,1023.0,気が付いたら、研究室で自分の発表の番が回ってくる
A1024.0_0,1024.0,フィルムの写真の撮影時の設定を記録したいが、忘れてしまう
A1025.0_0,1025.0,まだ先だと思っていた賞味期限、意外と切れてる
A1026.0_0,1026.0,喫煙所の場所がわからない。
A1027.0_0,1027.0,燃えないゴミの括りがわかりづらい。
A1028.0_0,1028.0,朝起きれない。
A1029.0_0,1029.0,その人が考えてることがわからない。
A1030.0_0,1030.0,この人自分のことを嫌ってるんじゃないかと不安になることがある。
A1031.0_0,1031.0,自分の食生活はこれでいいのか不安になることがある。
A1032.0_0,1032.0,次の授業の教室がどこなのか、ポータルを開かないとわからない。
A1033.0_0,1033.0,研究室の内情がわからない。
A1034.0_0,1034.0,指定以上の金額を稼ぐのに、どのバイトをどれくらいするのが高効率なのかわからない。
A1035.0_0,1035.0,コインロッカーの空き状況がわからない。
A1036.0_0,1036.0,駅構内が複雑すぎてわからない。
A1037.0_0,1037.0,地域限定商品を購入したいが、どこで特産フェアをやっているのかわからない。
A1038.0_0,1038.0,雪かきが辛い。
A1039.0_0,1039.0,部室に誰がいるのかがわからない。
A1040.0_0,1040.0,図書館で借りた本の返済期限がいつの間にかすぎていた。
A1041.0_0,1041.0,勉強の途中にスマホをいじってしまう。
A1042.0_0,1042.0,自分のタスクの優先順位がわからない。
A1043.0_0,1043.0,課題の提出期限を忘れて、不安になる。
A1044.0_0,1044.0,友達複数人との待ち合わせがあったが、自分だけ忘れていて遅刻した。
A1045.0_0,1045.0,どのクーポンを使えばお得なのかわからない。
A1046.0_0,1046.0,パスワードなどの認証が煩わしい
A1047.0_0,1047.0,ときどき別の認証を求められるとさらに煩わしい
A1048.0_0,1048.0,指紋、顔などの生体認証の精度が悪い
A1049.0_0,1049.0,YouTubeなどで、おすすめ動画のジャンルが偏りすぎて、つまらなくなるor飽きる
A1050.0_0,1050.0,Google Mapで、『別の経路を見つけました』通知が煩わしい
A1051.0_0,1051.0,Google Mapで、『通りたい道』を設定するのが面倒（通り沿いの複数地点を登録するしかないか？）
A1052.0_0,1052.0,Google Mapで、田んぼのあぜ道などとても車で通れない道を指示されることがある
A1053.0_0,1053.0,スーパーなどで、売り場がわからない（滅多に買わない商品or初めての店）
A1054.0_0,1054.0,店固有のポイントアプリ(会員アプリ)の数が多くて、登録が面倒
A1055.0_0,1055.0,店固有のポイントアプリ(会員アプリ)の数が多くて、会計で提示するのが面倒
A1056.0_0,1056.0,連絡手段（メール、SNSのDM、SlackやDiscordなどのコミュニケーションツール）が多すぎて、どこからきた連絡だったか探してしまう
A1057.0_0,1057.0,必要なときに限って、スマホやPCのバッテリー残量がわずか。しかも電源も無い。
A1058.0_0,1058.0,肝心なときにWi-Fiの通信速度が遅くなる
A1059.0_0,1059.0,コンビニのトイレが使用中かどうか、外からわからない
A1060.0_0,1060.0,リモコンや鍵が見つからない
A1061.0_0,1061.0,大きな駅のコインロッカーで、自分が預けた場所がわからなくなる
A1062.0_0,1062.0,毎日の献立を考えるのが大変
A1063.0_0,1063.0,冷蔵庫の中身を把握しきれず、同じものを買ってしまう
A1064.0_0,1064.0,ゴミの分別が細かくて面倒
A1065.0_0,1065.0,買い物中、どの店が安いか毎回比較するのが大変
A1066.0_0,1066.0,パック買いなどで、どの程度お得なのかわからない
A1067.0_0,1067.0,電車で座った時、傘の置き場に困る
A1068.0_0,1068.0,電車が遅延した時、どれくらい遅延していて、いつ頃到着するのかがわからない
A1069.0_0,1069.0,電車のどの車両が空いているかがわからない
A1070.0_0,1070.0,電車の乗り換え時、駅がどれくらい混雑しているかがわからない（予想より混んでいて乗り換えに間に合わないことがある）
A1071.0_0,1071.0,道路の混雑状況がわからない
A1072.0_0,1072.0,電車で隣にヤバい人が来るかもしれないが、予測できない
A1073.0_0,1073.0,電車で混雑時、掴む吊り革がない
A1074.0_0,1074.0,スーパーなどでレジの待ち時間が長い
A1075.0_0,1075.0,ジムの混雑状況がわからない
A1076.0_0,1076.0,ジムで、どのマシンが使われているか、あと何分で空くかがわからない
A1077.0_0,1077.0,ポイントカードをなくしてしまう（スマホでまとめたい）
A1078.0_0,1078.0,キャッシュレス決済でお金を使っている感覚が薄れ、使い過ぎてしまう
A1079.0_0,1079.0,バスの遅延、混雑状況がわからない
A1080.0_0,1080.0,飲食店でご飯をおかわりする時、三杯目くらいから恥ずかしくなってくる
A1081.0_0,1081.0,教習所で乗車実習を行った際、教官に注意されたことを実習終わりまでに忘れてしまう
A1082.0_0,1082.0,他大学の人と比べて自分は能力的にどの立ち位置にいるかを知る機会が少ない
A1083.0_0,1083.0,飲食店の混み具合が、行ってみるまでわからない
A1084.0_0,1084.0,スケジュールがすでに入っているにも関わらず、誤って新しい予定を入れてしまう（ダブルブッキングを自動で知らせる）
A1085.0_0,1085.0,大学の履修で、卒業までに何の科目が足りていないかが分かりにくい
A1086.0_0,1086.0,サークルで他大学とイベントを行う際に連携がうまくいかない
A1087.0_0,1087.0,サークルの合宿で、宿との行き違いが多く起きてしまう
A1088.0_0,1088.0,サークルで仕事の引き継ぎがうまくいかない（内容の抜け漏れがある）
A1089.0_0,1089.0,ちょっとした段差でつまづくことが増えた（地味にショック）
A1090.0_0,1090.0,名前が出てこない人が週に3人はいる（顔は覚えてる）
A1091.0_0,1091.0,健康診断の結果が“要精密検査”ばかりで、もう見たくない
A1092.0_0,1092.0,病院に行っても、検査結果が来るまでの数日間が不安すぎる
A1093.0_0,1093.0,自分の病気の説明が専門用語すぎて意味不明
A1094.0_0,1094.0,親の介護で病院同行するけど、診断内容を説明できない
A1095.0_0,1095.0,子どもや、パートナー、知り合いとの会話が減ってなんとなく寂しい
A1096.0_0,1096.0,転職や副業したいが、自分のキャリアをどう活かせるか分からない
A1097.0_0,1097.0,飲み会が減って人間関係の距離がつかめない
A1098.0_0,1098.0,「運動しなきゃ」と思っても、どこかしら痛くて続かない
A1099.0_0,1099.0,夜中に目が覚めてスマホを見る→眠れなくなる
A1100.0_0,1100.0,オンラインでの予約や申請、結局電話が表示され連絡すると、セールスマーケティングが目的で「WEBでやってください」にハマる
A1101.0_0,1101.0,テレワークで太りがち／腰痛や姿勢に不安が増えた
A1102.0_0,1102.0,画像診断を受けても、結局“また別の病院へ”が面倒
A1103.0_0,1103.0,自宅で検査できたらラクなのに、通院のたびに有給が減る
A1104.0_0,1104.0,結果、異常なしだったけど、医師から説明がなくて不安
A1105.0_0,1105.0,胃カメラやCTの画像を見せられても「どこがどう悪いの？」と感じる
A1106.0_0,1106.0,セカンドオピニオンを聞きたいけど、医者に悪い気がして言えない
A1107.0_0,1107.0,健康意識はあるが、YouTube健康動画は内容が玉石混交
A1108.0_0,1108.0,最近「孤独死」という言葉に敏感になっている
A1109.0_0,1109.0,メールの叩きを作ること
A1110.0_0,1110.0,スケジュール管理・調整
A1111.0_0,1111.0,就活の進捗管理・確認
A1112.0_0,1112.0,電話で名乗らない人に折り返すべきか判断できないこと
A1113.0_0,1113.0,インカレ他大学の人でどの大学が一番近いのか？が分からない
A1114.0_0,1114.0,経費の申請で出発・到着駅を入力したら自動で値段が出るようにしたい
A1115.0_0,1115.0,美容院でお願いしていた髪型と異なること
A1116.0_0,1116.0,自分に本当に必要な通知が埋もれてしまうこと
A1117.0_0,1117.0,YouTube/Podcastで英語の時に日本語で理解できないこと
A1118.0_0,1118.0,読んだ本のメモが整理されない、記憶に残らないこと
A1119.0_0,1119.0,冷蔵庫の中身が出先で分からないこと
A1120.0_0,1120.0,研究の進捗管理が難しい（先行事例があるのに参考にできない）
A1121.0_0,1121.0,電車のどの車両が一番行きたい出口改札に近いのかが分からない
A1122.0_0,1122.0,カレンダーでMTG申請した後、SlackでもリマインドDMを手動で送らないといけない
A1123.0_0,1123.0,ある分野の勉強計画を立てること
A1124.0_0,1124.0,学食アプリで推定残高が表示されないこと
A1125.0_0,1125.0,自分が寄付したお金が何に使われたのか不明なこと
A1126.0_0,1126.0,広告で画面がいっぱいになり、探したい情報を探しにくいこと
A1127.0_0,1127.0,気を抜くとYouTubeを開いて動画沼になってしまうこと
A1128.0_0,1128.0,摂取したものの栄養バランスが分からない
A1129.0_0,1129.0,買い物の最適化ができたらいい（何をどの店で買えば一番節約できるか）
A1130.0_0,1130.0,何に、どれくらいの時間を使っているのか分からない
A1131.0_0,1131.0,目的の分からない議論・MTGが設置されること
A1132.0_0,1132.0,Twitterへの投稿を一括で管理できたらいい
A1133.0_0,1133.0,メンタルヘルスを管理できるアプリがあればいい
A1134.0_0,1134.0,読書記録がもっと楽で楽しくできたらいい
A1135.0_0,1135.0,自分が一日で視聴した情報源の感想を管理できるサービスが欲しい
A1136.0_0,1136.0,インプットのログを簡単に付けられるサービスが欲しい
A1137.0_0,1137.0,Notionへの書き込みを簡略化するサービスが欲しい
A1138.0_0,1138.0,自分の一日の行動を簡略化するのが難しい
A1139.0_0,1139.0,自分が注文したいメニューの情報が分からない
A1140.0_0,1140.0,その日一日でインプットした情報が次の日には忘れてしまう
A1141.0_0,1141.0,習慣化が難しい
A1142.0_0,1142.0,ちょっとしたきっかけをくれる何かが欲しい
A1143.0_0,1143.0,メンタルのちょっとしたアシスタントが欲しい
A1144.0_0,1144.0,自分のテイストした何かを記録できたら良い
A1145.0_0,1145.0,自分が巡った飲食店を管理できると良い
A1146.0_0,1146.0,食生活のアドバイスが欲しい
A1147.0_0,1147.0,エクスプレッシブライティングを続けたい
A1148.0_0,1148.0,VibeCodingの指南書が欲しい
A1149.0_0,1149.0,自分の興味のある分野の最先端の情報を知りたい
A1150.0_0,1150.0,5年10年先までの計画を管理できない
A1151.0_0,1151.0,簡易的にタイムボクシングをカレンダーに作ってくれる
A1152.0_0,1152.0,ゴミの日を忘れてしまう
A1153.0_0,1153.0,混む道路を通りたくない
A1154.0_0,1154.0,冷蔵庫の中身を把握してないまま買い物をする
A1155.0_0,1155.0,鍵をかけたかどうか忘れる
A1156.0_0,1156.0,機器のコードが絡まる
A1157.0_0,1157.0,Wi-Fiが突然切れる
A1158.0_0,1158.0,ネット注文でサイズが合わない
A1159.0_0,1159.0,手が濡れている状態で電子機器を触れない
A1160.0_0,1160.0,電車やバスなどの運行状況がわからない
A1161.0_0,1161.0,公共料金の請求を忘れる
A1162.0_0,1162.0,スマホの容量がすぐなくなる
A1163.0_0,1163.0,通販で買ったものが多い時、何がいつ届くのか忘れる
A1164.0_0,1164.0,通知が多すぎて大事な通知を見逃す
A1165.0_0,1165.0,公共トイレの場所がわからない
A1166.0_0,1166.0,遠出で現在地が瞬時にわからない
A1167.0_0,1167.0,様々なATMの手数料が把握しきれない
A1168.0_0,1168.0,外食でのアレルギー成分のチェックがめんどくさい
A1169.0_0,1169.0,今日の料理が思い浮かばない
A1170.0_0,1170.0,電車で寝過ごす
A1171.0_0,1171.0,サイトのパスワードが増えすぎて管理ができない
A1172.0_0,1172.0,忘れ物をしたことを家を出た後に思い出す
A1173.0_0,1173.0,駅のホームでどの車両が空いているか分からない
A1174.0_0,1174.0,スマホの充電ケーブルがどこにあるか分からなくなる
A1175.0_0,1175.0,図書館で空いている席を探すのが面倒
A1176.0_0,1176.0,学食の混雑具合が行ってみないと分からない
A1177.0_0,1177.0,天気予報アプリが当たらない
A1178.0_0,1178.0,講義の課題を提出したかどうか不安になる
A1179.0_0,1179.0,授業の出席確認を忘れてしまう
A1180.0_0,1180.0,Zoomリンクが毎回違って探しづらい
A1181.0_0,1181.0,グループワークで誰が何をやってるのか分かりづらい
A1182.0_0,1182.0,カフェで電源席が空いているか分からない
A1183.0_0,1183.0,バスが時間通りに来ない
A1184.0_0,1184.0,自転車の鍵をよく無くす
A1185.0_0,1185.0,購入した教科書がどこにあるか分からなくなる
A1186.0_0,1186.0,勉強計画を立てても三日坊主になる
A1187.0_0,1187.0,ノートや資料がバラバラで探しにくい
A1188.0_0,1188.0,コピー機の操作が複雑で分かりづらい
A1189.0_0,1189.0,アルバイトのシフトが急に変わると分からない
A1190.0_0,1190.0,コンビニに行っても買うものを忘れる
A1191.0_0,1191.0,眠すぎて朝の目覚ましに気づかない
A1192.0_0,1192.0,今日誰が部活、サークルに来ているのかわからない
A1193.0_0,1193.0,学校のWi-Fiが遅くて繋がりにくい
A1194.0_0,1194.0,教室の空き状況が分からない
A1195.0_0,1195.0,学食の混雑具合が見えない
A1196.0_0,1196.0,忘れ物をしたとき、友達に借りられるかすぐに分からない
A1197.0_0,1197.0,どの授業で課題が出ているか把握しきれない
A1198.0_0,1198.0,提出期限を忘れてしまうことがある
A1199.0_0,1199.0,自転車置き場がいつも満車で探すのが大変
A1200.0_0,1200.0,雨の日の靴がすぐ濡れて不快
A1201.0_0,1201.0,遅刻しそうなときにバスの現在位置が分からない
A1202.0_0,1202.0,カフェでコンセント付きの席が空いているか分からない
A1203.0_0,1203.0,教科書やノートを忘れて授業に困る
A1204.0_0,1204.0,テスト範囲が分かりにくい
A1205.0_0,1205.0,スマホをいじりすぎて勉強に集中できない
A1206.0_0,1206.0,飲み物の自販機が売り切れだと分かるのが遅い
A1207.0_0,1207.0,友達と会う場所を決めるのが毎回面倒
A1208.0_0,1208.0,傘を忘れてびしょ濡れになる
A1209.0_0,1209.0,急な授業変更の情報が伝わりにくい
A1210.0_0,1210.0,一緒に課題をやる相手が見つからない
A1211.0_0,1211.0,授業で発表するスライドの作成が手間
A1212.0_0,1212.0,学校周辺のトイレの場所が分かりづらい
A1213.0_0,1213.0,ノートが何冊もあって、どれがどの授業のか分からなくなる
A1214.0_0,1214.0,筆記用具をよく忘れる
A1215.0_0,1215.0,ものが捨てられず、部屋が汚い
A1216.0_0,1216.0,ディベートや哲学対話のテーマが似通ってしまう
A1217.0_0,1217.0,適したアイスブレイクのネタを考えるのが難しい
A1218.0_0,1218.0,日記が続かない
A1219.0_0,1219.0,WSでカウントダウンを表示すると、焦って逆に話し合いが進まない
A1220.0_0,1220.0,読んだ本の内容を忘れがち
A1221.0_0,1221.0,新しい趣味がほしい
A1222.0_0,1222.0,布団から出たくない
A1223.0_0,1223.0,カレンダーとToDoリストが別々で困る
A1224.0_0,1224.0,旬や季節を生活に取り入れたい
A1225.0_0,1225.0,部屋に植物を置いて、季節を小さく感じたい
A1226.0_0,1226.0,神社や寺のマナーを知りたい
A1227.0_0,1227.0,出かけたいけど、目的地が決まらない
A1228.0_0,1228.0,恥ずかしくならないレベルまで地名を覚えたい
A1229.0_0,1229.0,リストを作っても、忘れ物が多い
A1230.0_0,1230.0,それぞれがお金を出し合ってしまい、割り勘が複雑になってしまう
A1231.0_0,1231.0,ゼミ合宿の車内で話が弾まなくなる
A1232.0_0,1232.0,就活の想定質問がわからない
A1233.0_0,1233.0,自分だけのギャグがほしい
A1234.0_0,1234.0,気軽に呼び合えるニックネームを作りたい
A1235.0_0,1235.0,チームで仕事してるときに各自が電話で話した内容がわからない
A1236.0_0,1236.0,夕方お菓子をついつい食べてしまうが、よくないので記録したい
A1237.0_0,1237.0,サロンパスを肩にはるときにペロンと端っこがむける
A1238.0_0,1238.0,家の鍵をしめる瞬間に考え事をしてると、鍵しめたかどうかあとで不安になる
A1239.0_0,1239.0,ふだん現金を使わなくなったので小銭が入ってないと焦ることがある
A1240.0_0,1240.0,家族全員が見たい映画がそろわず選ぶのに時間がかかる
A1241.0_0,1241.0,靴下がすぐやぶれる
A1242.0_0,1242.0,家の前でボールを思いっきり蹴れる場所が少ない
A1243.0_0,1243.0,アイスコーヒーを入れる水筒を買いたいがコンビニのコーヒーが補充できないから困る
A1244.0_0,1244.0,子供の紙のプリントが多く、お絵かきもすきなので紙がやたら増える
A1245.0_0,1245.0,古本がたくさんあるがメルカリでレア値ついてるものがありそうだがそれを調べるのがめんどくさい
A1246.0_0,1246.0,家族で管理している植木鉢の植物に誰がいつ水をあげたかわからなくなる（飼ってる金魚も同じ）
A1247.0_0,1247.0,年賀状の返信していない
A1248.0_0,1248.0,エアコンがない部屋のエアコンをどうするか考えないと真夏しんどい
A1249.0_0,1249.0,中指を負傷し治るかなと思ったら2ヶ月たってもまだ腫れている
A1250.0_0,1250.0,事務所にて共有備品の管理をGoogleカレンダーでしているが、物品（SIMカードなど）の紛失が頻発している
A1251.0_0,1251.0,オフィス内の温度設定で好みが分かれ、調整が難しい
A1252.0_0,1252.0,目が疲れる
A1253.0_0,1253.0,腰が痛い
A1254.0_0,1254.0,雨の日の荷物めんどい
A1255.0_0,1255.0,外付けSSDをつけっぱなしにしようとするとぶらーんとなって邪魔
A1256.0_0,1256.0,amazonのレビューを見てもバカなのでいいのか悪いのか判断できない
A1257.0_0,1257.0,Q10で「なんかいい」韓国コスメを買いたいのに、何買えばいいのか途方にくれる
A1258.0_0,1258.0,one passwordとgoogle passwordが干渉することがある
A1259.0_0,1259.0,歯を磨く時、裏が見えずちゃんと磨けてるのか不安。たまに鏡で見てぎょっとする
A1260.0_0,1260.0,世界はフラットになったのに、テレビ放送だけは外国のものが見れない。外国のテレビ見たい。
A1261.0_0,1261.0,小学校のおたよりが紙とアプリに分散していて情報がまとまらない
A1262.0_0,1262.0,ガソリン価格の地域分布が分からないので近場で入れるしかない
A1263.0_0,1263.0,外タレの来日ライブのチケット情報を一括で見れるサイトがない
A1264.0_0,1264.0,amazonでサイズ指定して検索ができないため収納に合う商品が探しづらい
A1265.0_0,1265.0,持ち歩き型トートバッグを畳むときぐしゃっとなってイラっとする
A1266.0_0,1266.0,google mapで地域全体の今空いている店を検索できない
A1267.0_0,1267.0,Joiさんが忙しすぎて収録時間が確保できない
A1268.0_0,1268.0,Joiさんのインタビュー相手が決まらない
A1269.0_0,1269.0,Joiさんが天才すぎて頭がついていかない
A1270.0_0,1270.0,英語を使わないとどんどん忘れる
A1271.0_0,1271.0,冷凍庫の奥底でカピカピになった食べ物がよく発掘される
A1272.0_0,1272.0,冷蔵庫の中身を順当に減らしてたのに義母から大量の食料が届いて全て狂う
A1273.0_0,1273.0,Slackで誰とどこで話していたのかわからなくなる
A1274.0_0,1274.0,気がつくとTikTokで時間が溶けている
A1275.0_0,1275.0,CITポータルのUIがパソコン前提で作られていて不快
A1276.0_0,1276.0,段ボールや牛乳パックの解体が面倒
A1277.0_0,1277.0,店舗やサービスごとにアプリをインストールしないとサービスが受けられない
A1278.0_0,1278.0,電車の混雑に巻き込まれると体力を削られて不愉快
A1279.0_0,1279.0,ポイント支払いの制度が複雑
A1280.0_0,1280.0,ATMでできることが少ない
A1281.0_0,1281.0,楽譜の採譜がめんどくさい
A1282.0_0,1282.0,水場の掃除が大変
A1283.0_0,1283.0,書類でのやり取りがめんどくさい
A1284.0_0,1284.0,みどりの窓口の待機時間が無駄
A1285.0_0,1285.0,ビニール袋を購入するやり取りが無駄
A1286.0_0,1286.0,通勤通学の移動時間が無駄
A1287.0_0,1287.0,予定管理が面倒
A1288.0_0,1288.0,タスクスケジュール管理ができない
A1289.0_0,1289.0,目覚まし時計のようにタスクをアラートしてくれるものが欲しい
A1290.0_0,1290.0,サブスクリプションの管理が面倒
A1291.0_0,1291.0,会議の議事録を取るのが面倒
A1292.0_0,1292.0,複数人の予定調整が面倒、もっと隙間時間で予定を詰めたい
A1293.0_0,1293.0,リスクアセスメントを考えるのが大変
A1294.0_0,1294.0,ゴミ出しがだるい
A1295.0_0,1295.0,道が上下で重なる部分のナビが見づらい
A1296.0_0,1296.0,漫画を何巻まで買ったか忘れてしまう
A1297.0_0,1297.0,やることの優先順位付けができない
A1298.0_0,1298.0,調べたいことが学校であったのに家に帰ると忘れてしまう
A1299.0_0,1299.0,筋トレのメニューを毎回考えるのが面倒だが同じものばかりだと飽きる
A1300.0_0,1300.0,自炊のレパートリーが増えない
A1301.0_0,1301.0,自分の月の支出がわからない
A1302.0_0,1302.0,趣味に一緒に取り組んでくれる仲間がおらずモチベーションにムラが出る
A1303.0_0,1303.0,こういう人に出会いたいが出会い方がわからない
A1304.0_0,1304.0,グループディスカッションをするときに話題に困る
A1305.0_0,1305.0,雑談のネタがない
A1306.0_0,1306.0,毎日絵の練習をしていると飽きてしまう日がある
A1307.0_0,1307.0,バイクの消耗品の交換時期がわからない
A1308.0_0,1308.0,バイクの修理を自分でしたいがどこをどう修理したらいいかわからない
A1309.0_0,1309.0,睡眠時間が遅くなりがち
A1310.0_0,1310.0,一人暮らしだと食事の栄養が偏る
A1311.0_0,1311.0,友達との雑談の内容をすぐに忘れてしまう
A1312.0_0,1312.0,ネットの情報が正しいか正しくないか判断できない
A1313.0_0,1313.0,学校への不満を問い合わせても改善されない
A1314.0_0,1314.0,読みたい本がどこに売っているかわからない
A1315.0_0,1315.0,論文を書く際に決まった記法なのか確認するのが大変
A1316.0_0,1316.0,研究のアイデアが出てこない
A1317.0_0,1317.0,英語の論文をそのまま同じ形式で日本語に訳してPDFにしてほしい
A1318.0_0,1318.0,シャンプー1回したのか忘れる
A1319.0_0,1319.0,周辺のお店の在庫を一気見したい
A1320.0_0,1320.0,各お店のキャッシュレス取り扱い情報を一つのアプリで知りたい
A1321.0_0,1321.0,今日の天気に合わせたコーディネートを自分が持ってる服から提案してほしい
A1322.0_0,1322.0,寝る前にスマホ等の充電忘れを教えてほしい
A1323.0_0,1323.0,1週間分の食事をまとめて作れるように必要なものと手順を提案してほしい
A1324.0_0,1324.0,冷蔵庫、調味料の在庫を買い物のとき知りたい
A1325.0_0,1325.0,大学を24時間開放してほしい
A1326.0_0,1326.0,研究アイデアを共有していろんな人と煮詰めたい
A1327.0_0,1327.0,就活で各会社ごとに自己PRや研究内容を入力するのが面倒
A1328.0_0,1328.0,YouTubeで同じような動画ばかりおすすめに出てつまらない
A1329.0_0,1329.0,学生証をスマートフォンに取り込みたい
A1330.0_0,1330.0,学生証に生年月日を書いてほしい（成人の証明ができない）
A1331.0_0,1331.0,manabaとCITポータル、出席システム、勤怠システムなどシステムが分かれていて面倒
A1332.0_0,1332.0,ポイントカード系を一つのアプリに集約したい
A1333.0_0,1333.0,学食の混雑度のグラフが見たい
A1334.0_0,1334.0,洋式トイレがいつも使われていて使えない（和式トイレは空いてる）
A1335.0_0,1335.0,教室のWiFiが弱い
A1336.0_0,1336.0,静かな講義中お腹がなって気まずい
A1337.0_0,1337.0,雨の日にズボンの裾が濡れて不快
A1338.0_0,1338.0,スマホで成立するのにPCを持ってくるように言われて、ただ持ち歩いているだけになる
A1339.0_0,1339.0,トイレに行きにくい静けさ
A1340.0_0,1340.0,混雑した電車の中でリュックが当たって痛い
A1341.0_0,1341.0,女子トイレがいつも混んでる
A1342.0_0,1342.0,靴が乾いていない状態で登校
A1343.0_0,1343.0,エレベーター待っているのになかなか来ない
A1344.0_0,1344.0,イヤホンのコードが絡まる
A1345.0_0,1345.0,降水確率10%なのに家を出た瞬間雨が降る
A1346.0_0,1346.0,会計時、小銭を探している間待たせるのが嫌でお札払いをして小銭だらけになる
A1347.0_0,1347.0,目覚ましが鳴った記憶がない
A1348.0_0,1348.0,スマホの写真が同じようなものばかりで取捨選択がめんどくさい
A1349.0_0,1349.0,スマホを探すときマナーモードで鳴らず意味がない
A1350.0_0,1350.0,トイレで手洗い場が濡れていて荷物を置けず洗いにくい
A1351.0_0,1351.0,デザインが気に入って買った靴で靴擦れ
A1352.0_0,1352.0,スマホのスクショを雰囲気で消してしまいがち
A1353.0_0,1353.0,スマホ画面がすぐ指紋だらけになって恥ずかしい
A1354.0_0,1354.0,出前がたまに冷めてくることがある
A1355.0_0,1355.0,春は朝昼夜の温度変化がありすぎて服が決まらない
A1356.0_0,1356.0,ライブの過去のレポが探しにくい
A1357.0_0,1357.0,カフェのコンセント、WiFiがあるかわからない
A1358.0_0,1358.0,QRや電子決済ができるお店かわからない
A1359.0_0,1359.0,提出課題を出したかどうかわからない
A1360.0_0,1360.0,どの支払方法が一番還元率がいいのか知りたい
A1361.0_0,1361.0,名刺をまとめたい
A1362.0_0,1362.0,月にいくら使ったかわからない
A1363.0_0,1363.0,読んだ本や持っている本がわからない
A1364.0_0,1364.0,読んでいる本の気になる部分をその場でテキストで記録できないのが不便
A1365.0_0,1365.0,日本語訳が出ないと紙の外国語の本が読めない
A1366.0_0,1366.0,有給取得状況がすぐにわからない
A1367.0_0,1367.0,旬のものを食べたいがメニューがうかばない
A1368.0_0,1368.0,メイクやファッションの情報が若すぎる
A1369.0_0,1369.0,似合うファッションがわからない
A1370.0_0,1370.0,日々の気持ちを記録したいが日記を書くのは面倒
A1371.0_0,1371.0,睡眠の長さや質がどう自分の体調にかかわっているのか知りたいがわからない
A1372.0_0,1372.0,天気や月の満ち欠けが体調に影響あると感じるがよくわからない
A1373.0_0,1373.0,ちょっとした不調を改善する方法を知りたいが調べてもよくわからない
A1374.0_0,1374.0,通訳のない外国語のセミナーが理解できない
A1375.0_0,1375.0,（重複）通訳のない外国語のセミナーが理解できない
A1376.0_0,1376.0,無意識にスマホを触ってしまい無駄な時間をすごしてしまう
A1377.0_0,1377.0,スマホやアプリの使い方がよくわからない
A1378.0_0,1378.0,職場に緊急連絡が必要な時に連絡先が探せない
A1379.0_0,1379.0,LINE交換した相手の詳細をわすれてしまう
A1380.0_0,1380.0,食生活を改善したいが自炊が面倒
A1381.0_0,1381.0,日々の美容対策の効果を一目で比較できないのが残念
A1382.0_0,1382.0,会話が減ると、顔の筋肉の硬直や脳の衰えが不安
A1383.0_0,1383.0,翌日の気候で着るものを選ぶのが面倒
A1384.0_0,1384.0,課題を提出したかどうか、不安になる
A1385.0_0,1385.0,カフェの空席状況が行ってみないとわからない
A1386.0_0,1386.0,空き日程でイベント探したいが、探しきれなくて見落としてしまう
A1387.0_0,1387.0,少しだけゲームとかやりたいが好みのものがない
A1388.0_0,1388.0,友達と映画の予定を決めるのが面倒
A1389.0_0,1389.0,見たい動画がないわけではないが、これを見たいと思える動画がない
A1390.0_0,1390.0,オンラインショッピングで欲しい商品がすぐに見つからない
A1391.0_0,1391.0,作った料理のレシピを忘れてしまう
A1392.0_0,1392.0,あまり話したことがない人だけがいるリモート会議へ参加するのが気まずい
A1393.0_0,1393.0,スマートフォンの通知が多すぎて集中できない
A1394.0_0,1394.0,旅行先の情報がまとまっておらず、計画が難しい
A1395.0_0,1395.0,印鑑や爪切りをどこに置いたか忘れてしまう
A1396.0_0,1396.0,リモートワーク中に、今空いているか、話しかけていいかわからない
A1397.0_0,1397.0,家電製品や家具の組み立ての説明書を読むのが面倒
A1398.0_0,1398.0,傘を持っていくべきか迷う
A1399.0_0,1399.0,オンラインショッピングで購入した商品がいつ届くか把握しておくのが面倒
A1400.0_0,1400.0,スーパーで買うものを忘れてしまう
A1401.0_0,1401.0,粗大ごみの料金をすぐに知りたい
A1402.0_0,1402.0,リモート会議に途中で参加したときに話し出しづらい
A1403.0_0,1403.0,部屋のコーディネートをどうすればいいかわからない
A1404.0_0,1404.0,服をオンラインで買う際の着用感がわからない
A1405.0_0,1405.0,飲食店で並びたくない
A1406.0_0,1406.0,1日の摂取カロリーがわからない
A1407.0_0,1407.0,忘れてるタスクがないか把握するのが難しい
A1408.0_0,1408.0,明細書の誤記チェック
A1409.0_0,1409.0,期限管理、確認
A1410.0_0,1410.0,タスク管理
A1411.0_0,1411.0,タイムチャージ管理
A1412.0_0,1412.0,業務ルーチンのまとめ
A1413.0_0,1413.0,ジャーナル作成
A1414.0_0,1414.0,売り上げ試作
A1415.0_0,1415.0,集客方法
A1416.0_0,1416.0,弁理士試験の情報集め
A1417.0_0,1417.0,案件ごとのチェックリスト作成
A1418.0_0,1418.0,エクセルのような柔軟性のあるアプリをスマホでも気軽に使いたい
A1419.0_0,1419.0,特許調査：類似語を出す
A1420.0_0,1420.0,特許調査：IPC、FI、Fタームを生成
A1421.0_0,1421.0,特許調査：検索ワードを多く含む文献順に表示
A1422.0_0,1422.0,特許調査：調査観点との関連性をAIなりにコメント
A1423.0_0,1423.0,意見書の作成
A1424.0_0,1424.0,補正書の作成
A1425.0_0,1425.0,拒絶理由通知の解説
A1426.0_0,1426.0,明細書の図面番号の漏れを発見する
A1427.0_0,1427.0,iPhoneの画像を日時情報を維持したままPCに保存
A1428.0_0,1428.0,通学バスのリアルタイム位置が分からず、時間が読めない
A1429.0_0,1429.0,保育園や幼稚園からのお知らせを見落としたり、管理が大変
A1430.0_0,1430.0,子ども用品のサイズ感が分かりづらく、ネットで買うと失敗することがある
A1431.0_0,1431.0,公園や子ども向け施設の混雑状況が事前に分からない
A1432.0_0,1432.0,公園の設備を知りたい（遊具、トイレ、ベンチ、自動販売機など）
A1433.0_0,1433.0,献立を考えるのも調べるのもめんどくさい
A1434.0_0,1434.0,よく買い忘れをするので、食料品、日用品の買い物リストがあるといいな
A1435.0_0,1435.0,物価高なので、リアルタイムで光熱費使用量がわかるといいな
A1436.0_0,1436.0,DVD、本など、貸出状況がオンラインで確認できない
A1437.0_0,1437.0,子育てや介護など、ライフステージに応じたどんな支援があるか分かりにくい
A1438.0_0,1438.0,デジタルツールが苦手、少し慣れたスプレッドシートから請求書を作りたい
A1439.0_0,1439.0,社内アンケートはするが、見える化されていない
A1440.0_0,1440.0,社内メールが多すぎて重要な情報を見落としやすい
A1441.0_0,1441.0,年末調整や各種申請の手続きが煩雑すぎる
A1442.0_0,1442.0,電車の通勤ラッシュがストレス
A1443.0_0,1443.0,フードロスが多い一方で、食に困る人の支援が足りていない
A1444.0_0,1444.0,地域活動（自治会や町内会など）のシステムが、現代の生活スタイルとマッチしていない
A1445.0_0,1445.0,政治や選挙への関心を持ちにくい仕組みになっていて、国民や若者の声が届きづらい
A1446.0_0,1446.0,公共手続きがデジタル化されてきたが、高齢者など操作が分かりづらいアナウンスとシステムとなっている
A1447.0_0,1447.0,ポテンシャル低めな地域では、地域の情報が乏しい、地域資源を活かした取り組みなど、広がりにくい
A1448.0_0,1448.0,雨の日に靴がすぐ濡れる
A1449.0_0,1449.0,食堂が混みすぎていて座れない
A1450.0_0,1450.0,目覚ましを止めても起きれない
A1451.0_0,1451.0,公共のWiFiが弱い
A1452.0_0,1452.0,授業が長すぎる
A1453.0_0,1453.0,大学に行くのに荷物が多すぎる
A1454.0_0,1454.0,黒板が見えにくい
A1455.0_0,1455.0,宿題や課題が多すぎる
A1456.0_0,1456.0,ATMの手数料が不便
A1457.0_0,1457.0,ペットボトルのキャップが硬すぎる時がある
A1458.0_0,1458.0,アプリにログインする時毎回パスワードを忘れる
A1459.0_0,1459.0,駐輪場がいっぱいで止めるのに一苦労する
A1460.0_0,1460.0,授業と授業の合間が短くて移動が大変
A1461.0_0,1461.0,改札入ってから電車に乗るまでの道が長い
A1462.0_0,1462.0,お店でどこに何が置いてあるか分からない
A1463.0_0,1463.0,鍵を毎回カバンから探すのがめんどくさい
A1464.0_0,1464.0,バスは基本的に時間通りに来なくて困る
A1465.0_0,1465.0,トイレが漏れそうなのに混んでいてできない時がある
A1466.0_0,1466.0,駅の乗り換えが複雑で迷子になる
A1467.0_0,1467.0,プリントの整理がめんどくさい
A1468.0_0,1468.0,電車の車内の混み具合を知りたい
A1469.0_0,1469.0,学食の食堂の混み具合が知りたい
A1470.0_0,1470.0,ゴミ出しするのを忘れる
A1471.0_0,1471.0,教室の空いてる席を知りたい
A1472.0_0,1472.0,気温に合わせた服装が知りたい
A1473.0_0,1473.0,割り勘の計算がめんどくさい
A1474.0_0,1474.0,賞味期限が切れる前に使いたい
A1475.0_0,1475.0,授業中にエアコンの温度調整が自由にできない
A1476.0_0,1476.0,自転車置き場が混雑して、止める場所が見つからない
A1477.0_0,1477.0,ロッカーが無くて不便
A1478.0_0,1478.0,電車やバスの車内でスマホの充電が切れそうになる
A1479.0_0,1479.0,いろんな物の充電がなくなる
A1480.0_0,1480.0,休憩時間が短すぎてご飯がゆっくり食べられない
A1481.0_0,1481.0,忘れ物が多い
A1482.0_0,1482.0,冷蔵庫の中の物を知りたい
A1483.0_0,1483.0,日用品の在庫を知りたい
A1484.0_0,1484.0,電気の消し忘れ
A1485.0_0,1485.0,リモコンの場所がわからない
A1486.0_0,1486.0,食材の買い物リストを忘れて買い漏れする
A1487.0_0,1487.0,螺旋階段が大変
A1488.0_0,1488.0,夜スマートフォンの充電を忘れて寝てしまう
A1489.0_0,1489.0,電車のすいてる車両が知りたい
A1490.0_0,1490.0,電車で自分の目的地の駅でどちら側のドアが開くのか知りたい
A1491.0_0,1491.0,家族がペットに餌をあげたかをやり取りなしですぐに知りたい
A1492.0_0,1492.0,目標運動量を満たす散歩やジョギングルートを教えてほしい
A1493.0_0,1493.0,食品や日用品など期限のあるものが多いので一括管理したい
A1494.0_0,1494.0,洗濯物を外干ししたら何時間程で乾くのか知りたい
A1495.0_0,1495.0,欲しい商品が近くのどの店で一番安く売られているか知りたい
A1496.0_0,1496.0,話し下手なので前回の会話の内容から次回の話題を考えてほしい
A1497.0_0,1497.0,消耗品の買い替え時を知りたい
A1498.0_0,1498.0,漫画の新刊が出たら教えてほしい
A1499.0_0,1499.0,庭で育ててる植物の成長記録を作ってほしい
A1500.0_0,1500.0,服を洗濯方法ごとにまとめてほしい
A1501.0_0,1501.0,知っていたら得する豆知識を皆で共有したい
A1502.0_0,1502.0,水分補給の量とタイミングを教えてほしい
A1503.0_0,1503.0,痛みで病院に行ったときにその痛みはいつごろからですか？と聞かれるが思い出せないので一日の体調を簡単に記録したい
A1504.0_0,1504.0,カラオケで思いつく曲は全部歌いつくしたので提案してほしい
A1505.0_0,1505.0,お店に行く前に支払方法の種類を知りたい
A1506.0_0,1506.0,家族が多いので、お風呂に入った人や、今入っている人がいるか知りたい
A1507.0_0,1507.0,掃除などを最後にいつしたかを知りたい
A1508.0_0,1508.0,食堂の混雑状況がわからない
A1509.0_0,1509.0,傘を持って行った方がいいのかわからない
A1510.0_0,1510.0,買いたいものが1番安いスーパーがわからない
A1511.0_0,1511.0,学校のWi-Fiがよく途切れてしまう
A1512.0_0,1512.0,教室の空調が効きすぎて寒かったり暑かったりする
A1513.0_0,1513.0,課題の提出期限を忘れてしまう
A1514.0_0,1514.0,通知が多すぎて大事な情報を見逃してしまう
A1515.0_0,1515.0,授業で配られたプリントをすぐに無くしてしまう
A1516.0_0,1516.0,カフェで静かに勉強したいけどうるさい時がある
A1517.0_0,1517.0,忘れ物をしてしまう
A1518.0_0,1518.0,喫煙所の場所がわからない
A1519.0_0,1519.0,リモート授業の時、繋げ方がわからない
A1520.0_0,1520.0,リモート授業の時、音声が乱れてしまう時がある
A1521.0_0,1521.0,ゴミ箱がどこにあるか分からない
A1522.0_0,1522.0,路上喫煙をしている人がいる
A1523.0_0,1523.0,自分の予定と学校の予定が混ざってしまう
A1524.0_0,1524.0,傘の置き場所に困る
A1525.0_0,1525.0,傘を置いて帰ってしまう
A1526.0_0,1526.0,一人暮らしのため栄養がかたよってしまう
A1527.0_0,1527.0,体調不良でも遅れをとってしまうため学校に行ってしまう
A1528.0_0,1528.0,電車が混みすぎて乗れない
A1529.0_0,1529.0,病院の待ち時間が長すぎる
A1530.0_0,1530.0,会社の会議が長いだけで内容が薄い
A1531.0_0,1531.0,レジの列が長くて時間がかかる
A1532.0_0,1532.0,スマホのバッテリーがすぐ減る
A1533.0_0,1533.0,通知が多くて集中できない
A1534.0_0,1534.0,ごみの分別が複雑で分かりにくい
A1535.0_0,1535.0,飲食店でのメニューが見にくい
A1536.0_0,1536.0,トイレットペーパーの芯が最後まで使いずらい
A1537.0_0,1537.0,エレベーターがなかなか来ない
A1538.0_0,1538.0,自動販売機でおつりが多すぎて財布がパンパンになる
A1539.0_0,1539.0,PDFに直接書き込めない書類が多い
A1540.0_0,1540.0,オンライン会議で誰が話しているか分かりにくい
A1541.0_0,1541.0,コンビニの袋がすぐ破れる
A1542.0_0,1542.0,SNSで誤情報がすぐに拡散される
A1543.0_0,1543.0,災害情報が一元化されていない
A1544.0_0,1544.0,パスワードが多すぎて覚えられない
A1545.0_0,1545.0,ネットショッピングでの実物と色が違う
A1546.0_0,1546.0,郵便物の再配達が面倒
A1547.0_0,1547.0,大学の履修登録がシステムエラーだらけ
A1548.0_0,1548.0,スマホの文字が小さすぎて読めない
A1549.0_0,1549.0,普通に運動不足
A1550.0_0,1550.0,交通事故がよく起こる場所を、通り過ぎる直前に知りたい
A1551.0_0,1551.0,家のコンロの火の元を閉めたか不安になる
A1552.0_0,1552.0,子どもに勉強を教えているとき、自分の教え方が良いのか分かるのに時間がかかる
A1553.0_0,1553.0,会った人の名前を忘れてしまう
A1554.0_0,1554.0,たまに参加するボランティアの作業内容を忘れてしまう
A1555.0_0,1555.0,たまに家族に料理を頼まれたとき、使ってはいけない食材が分からず緊張する
A1556.0_0,1556.0,多言語できないのに世界中の人と話したい
A1557.0_0,1557.0,オフィス作業で作った資料のクラウド保存場所がぐちゃぐちゃ
A1558.0_0,1558.0,プレゼン資料が日本語版・英語版・資金提供者版など多数あって変更管理がワチャワチャになる
A1559.0_0,1559.0,新しいAIアプリが毎日出てきて、存在も用途も把握できない
A1560.0_0,1560.0,シェアハウスの共同スペースを自分ばかり掃除している気がする
A1561.0_0,1561.0,やらなければならないことよりやりたいことを優先してしまう
A1562.0_0,1562.0,DIYの工具が出しっぱなしになる
A1563.0_0,1563.0,壊れた家具や家電が自分で直せるか分からない
A1564.0_0,1564.0,ガーデニングする時間がない
A1565.0_0,1565.0,新しいグループに参加したときの立ち位置に悩む
A1566.0_0,1566.0,税金の申請が大変
A1567.0_0,1567.0,コーヒーの飲み過ぎ（水分補給がコーヒーだけ）
A1568.0_0,1568.0,管理している施設の鍵が50個くらいあってジャラジャラする
A1569.0_0,1569.0,「これ、やっといて」と言われたことを「後でやる」と答えて忘れてしまう
A1570.0_0,1570.0,メモを書くけど整理できていない
A1571.0_0,1571.0,受けなければならない講習がつまらなくて眠くなる
A1572.0_0,1572.0,ミーティングが異常に長くて、何も決まらないことがある
A1573.0_0,1573.0,トランシーバー使用時の会話ルールを忘れる
A1574.0_0,1574.0,学校のWi-Fiが遅くてつながりにくい
A1575.0_0,1575.0,電車やバスの到着時間がいつも少しズレていて不安
A1576.0_0,1576.0,授業中にトイレに行きたいけど、気まずくて行きづらい
A1577.0_0,1577.0,友達と昼ごはんの予定を決めるのが毎回めんどくさい
A1578.0_0,1578.0,ランチの混雑状況が行ってみないと分からない
A1579.0_0,1579.0,自販機の中身が分からず、買いに行ったら売り切れてた
A1580.0_0,1580.0,教科書が重くて持ち歩くのが大変
A1581.0_0,1581.0,スマホの充電が切れて、モバイルバッテリーも忘れがち
A1582.0_0,1582.0,休講や教室変更の通知が遅い
A1583.0_0,1583.0,髪型が気になるけど鏡が近くにない
A1584.0_0,1584.0,電源タップの空きが分からず、探すのが面倒
A1585.0_0,1585.0,目覚ましを止めたのを忘れて二度寝してしまう
A1586.0_0,1586.0,傘を持っていくか迷う天気が多い
A1587.0_0,1587.0,体育の後、汗拭きシートを忘れてベタベタする
A1588.0_0,1588.0,筆箱を忘れたときに文房具を借りづらい
A1589.0_0,1589.0,お弁当を持ってきても電子レンジが混んでて温められない
A1590.0_0,1590.0,Manabaの提出期限がバラバラで把握しにくい
A1591.0_0,1591.0,時間割アプリがシンプルすぎて使いづらい
A1592.0_0,1592.0,図書館の席が埋まってて使えないことが多い
A1593.0_0,1593.0,グループワークの連絡がLINEで混ざって見逃しがち
A1594.0_0,1594.0,忘れ物をしたときに誰かに頼みにくい
A1595.0_0,1595.0,生徒会などのお知らせが紙ベースで非効率
A1596.0_0,1596.0,傘を持っていくか迷って結局雨に濡れてしまう
A1597.0_0,1597.0,電車の遅延情報がリアルタイムで分からない
A1598.0_0,1598.0,図書館で探している本の場所がすぐに見つからない
A1599.0_0,1599.0,レポート提出期限をうっかり忘れてしまう
A1600.0_0,1600.0,スマホの充電がすぐになくなる
A1601.0_0,1601.0,教室の場所がわかりにくい
A1602.0_0,1602.0,友達と予定を合わせるのが難しい
A1603.0_0,1603.0,混雑している食堂でどこに空席があるか分からない
A1604.0_0,1604.0,講義のノートを取りながら先生の話を聞くのが難しい
A1605.0_0,1605.0,自習室の空き状況が分からない
A1606.0_0,1606.0,授業の教材や資料をダウンロードし忘れる
A1607.0_0,1607.0,グループワークのメンバーとの連絡手段が煩雑
A1608.0_0,1608.0,朝の目覚ましをつい止めてしまい二度寝する
A1609.0_0,1609.0,学食のメニューを事前に確認できない
A1610.0_0,1610.0,学内のWi-Fiの接続が不安定な場所がある
A1611.0_0,1611.0,教科書や参考書が重くて持ち運びが大変
A1612.0_0,1612.0,電子辞書を持ち歩くのが面倒
A1613.0_0,1613.0,印刷室のプリンターが混雑している
A1614.0_0,1614.0,課題の提出方法が教員によって異なり混乱する
A1615.0_0,1615.0,忘れ物をしたときに気づかない
A1616.0_0,1616.0,citポータルサイトでブラウザバックをするとログインのやり直しになる。
A1617.0_0,1617.0,電車の遅延などを随時わかるようにしたい。
A1618.0_0,1618.0,最寄りのスーパーで欲しい食材が入荷していない時がある。
A1619.0_0,1619.0,海外の友達からのメッセージが他言語のため読めない
A1620.0_0,1620.0,疲れている状態で夜ご飯を作らなければならない。
A1621.0_0,1621.0,パソコンの容量が足りない
A1622.0_0,1622.0,ワイヤレスイヤホンを無くしてしまう
A1623.0_0,1623.0,全ての講義の課題の提出日を一目でわかるようにしたい。
A1624.0_0,1624.0,バイトの出勤時間がいつも違うので一目でわかるようにしたい。
A1625.0_0,1625.0,交通機関の混雑状況をすぐ知りたい。
A1626.0_0,1626.0,帰る時間に合わせて風呂が沸くようにしたい。
A1627.0_0,1627.0,帰る時間に合わせて米が炊けるようにしたい。
A1628.0_0,1628.0,バランスの取れた献立を自動でたてれるようにしたい。
A1629.0_0,1629.0,洗い物を自動でできるようにしたい。
A1630.0_0,1630.0,自分の健康をスマホで確認できるようにしたい。
A1631.0_0,1631.0,パソコンのゲームなどの感度を全て自動で統一できるようにしたい。
A1632.0_0,1632.0,部屋の掃除を自動でして欲しい
A1633.0_0,1633.0,近くの飲食店の開店状況が実際行ってみないとわからない
A1634.0_0,1634.0,花粉状況が調べないとわからない
A1635.0_0,1635.0,ネットなどで流れている曲の名前がわからない
A1636.0_0,1636.0,複数のアプリを使ってメモや書類を使っていると、どのアプリに何の情報がおいてあったか分からなくなる
A1637.0_0,1637.0,習慣づけしたい事柄が中々習慣にならない
A1638.0_0,1638.0,なりたい髪型(ネットで調べた髪型)と自分に似合う髪型が一致しない
A1639.0_0,1639.0,色んな場所に散らばったサブスクの管理が面倒
A1640.0_0,1640.0,ダイエットする時に消費カロリーと摂取カロリーの計算が面倒
A1641.0_0,1641.0,遠方外出時に運転中に車の駐車場をすぐに探しにくい
A1642.0_0,1642.0,毎日の食事の献立(栄養バランス、カロリー計算)を考えるのが面倒
A1643.0_0,1643.0,店ごとにポイントの管理方法が紙、アプリ、LINE等種類が多すぎて管理が面倒
A1644.0_0,1644.0,自分に似合う服が分からない、好みの服と一致しない
A1645.0_0,1645.0,オンラインで服を買うと、自分の来た時のイメージと一致するか分からない
A1646.0_0,1646.0,業務で新しいITツールを使用する時に興味がないものでない限り、使い方、ユースケースを調べるのが面倒
A1647.0_0,1647.0,Googlemapで全ての店舗の情報が拡大縮小を繰り返さないと出てこず、地元散策をしたい時に行った場所/行ったことのない場所の管理が面倒
A1648.0_0,1648.0,オンライン上の外国語の翻訳を一々文章を選択するのではなく、シームレスに訳したものを読みたい
A1649.0_0,1649.0,◯◯の記事おすすめを表示する系サービスのカテゴリが似たりよったりであまり自分の趣向と一致していない。もっとバリエーションがほしい
A1650.0_0,1650.0,Youtubeのサジェストがもう少し多岐に渡る内容になってほしい
A1651.0_0,1651.0,SNS(特にX)でのレッテル貼り、誹謗中傷が多すぎて現実世界で沈静化した差別やレッテル貼りにつながっている気がする
A1652.0_0,1652.0,自分の分野外のITスキルを身につけるのが億劫
A1653.0_0,1653.0,極端に他者の考えと接する機会が少ない人が多い気がする
A1654.0_0,1654.0,他人の起業や事業運営の失敗談を知りたい
A1655.0_0,1655.0,政治資金の運用使途/適正金額が分かり辛い。
A1656.0_0,1656.0,ゴミ出しの曜日が分からなくなる。
A1657.0_0,1657.0,地下道だけを通って駅まで行く道がわからない（西新宿）
A1658.0_0,1658.0,電車の乗り換え時に地上に出る必要があるのかわからない。
A1659.0_0,1659.0,待ち合わせの場所への自分の到着時刻を手軽に相手に知らせたい。
A1660.0_0,1660.0,調味料の賞味期限の確認が面倒。
A1661.0_0,1661.0,冷蔵庫内の写真をとるだけで、残り物で作れるレシピを教えてほしい。
A1662.0_0,1662.0,自分のサイズ、金額感に合った洋服だけを表示してほしい
A1663.0_0,1663.0,タスクと期限を入力してスケジュールを生成してほしい。
A1664.0_0,1664.0,生体情報に基づいて、良いタイミングで目覚ましを鳴らしてほしい。
A1665.0_0,1665.0,生体情報に基づいて、良いタイミングで飲酒のストップをかけてほしい。
A1666.0_0,1666.0,今、入れる居酒屋（カフェ、レストラン、ホテル）だけ知りたい。
A1667.0_0,1667.0,前後のMTGと３０分開けてスケジュール調整をしてほしい。
A1668.0_0,1668.0,会議室の使用が延長しそうな場合に、ボタン一つで次の人に自動で知らせてほしい。
A1669.0_0,1669.0,過去のスーパーでの買い物履歴から、必要そうなものを提案してほしい。
A1670.0_0,1670.0,今回のスーパーでの買い物履歴から、１週間分のレシピを作ってほしい。
A1671.0_0,1671.0,目標体重（減量）を入力するだけで、ランニングメニューを作成してほしい。
A1672.0_0,1672.0,過去のトレーニング履歴、生体情報に基づいて、最適なタイミングでトレーニングメニューを更新してほしい。
A1673.0_0,1673.0,自分のトレーニングのフォーム映像に基づいて、修正点、最適重量等をアドバイスしてほしい。
A1674.0_0,1674.0,通勤時間の各駅のトイレの込み具合をリアルタイムで知りたい。
A1675.0_0,1675.0,出張、お出かけの場所をスケジュールに入力しておくだけで、当日、その時間付近での混雑状況を知らせてほしい。
A1676.0_0,1676.0,電車の乗り換えが大変
A1677.0_0,1677.0,朝の満員電車が大変
A1678.0_0,1678.0,パソコンが大きくて持っていくのが大変
A1679.0_0,1679.0,急な雨の時に傘がない
A1680.0_0,1680.0,衣替えでどこに服をしまったかわからない
A1681.0_0,1681.0,授業で後ろの方になるとスクリーンが見えにくい
A1682.0_0,1682.0,課題を出せているか不安
A1683.0_0,1683.0,急な寒暖差への対応
A1684.0_0,1684.0,毎日服装を考えることが大変
A1685.0_0,1685.0,忘れ物をしているかどうか不安
A1686.0_0,1686.0,レストランが混雑しているかわからない
A1687.0_0,1687.0,いつの間にかスマホの充電が切れていて不便
A1688.0_0,1688.0,急いでいる時に限ってコンビニやスーパーでのレジ待ちに時間がかかってしまう
A1689.0_0,1689.0,ネットの回線が遅い時不便
A1690.0_0,1690.0,お会計する時に小銭がたまって財布が重くなるのが不便
A1691.0_0,1691.0,コンセントの位置が微妙で不便
A1692.0_0,1692.0,エレベーターの待ち時間が長い時不便
A1693.0_0,1693.0,洗濯物が生乾きになってしまって不便
A1694.0_0,1694.0,検索しても欲しい情報が入らないのが不便
A1695.0_0,1695.0,コンセントの位置が微妙なことが不便
A1696.0_0,1696.0,朝一回で起きれない
A1697.0_0,1697.0,スケジュールアプリの広告が多すぎる
A1698.0_0,1698.0,Xで見たくない発言を見ることが多すぎる
A1699.0_0,1699.0,課題がしっかりと終わらせられているのかわからない
A1700.0_0,1700.0,動画を見すぎてしまう
A1701.0_0,1701.0,食事のカロリーが基本的にわからない
A1702.0_0,1702.0,パチンコスロットをやめられない
A1703.0_0,1703.0,電車の時間が分からない
A1704.0_0,1704.0,リモコンの電池が切れるタイミングが悪い
A1705.0_0,1705.0,イヤホンのコードが絡まる
A1706.0_0,1706.0,スーパーのレジで前の人が会計に手間取っている
A1707.0_0,1707.0,エレベーターがなかなか来ない
A1708.0_0,1708.0,Wi-fiの接続が不安定になる
A1709.0_0,1709.0,お目当てのものがお店で売り切れている
A1710.0_0,1710.0,シャンプーや洗剤の詰め替えがうまくできない
A1711.0_0,1711.0,買ったばかりの服に小さなほつれがあるのを見つける
A1712.0_0,1712.0,冷蔵庫の奥から賞味期限切れの食品が出てくる
A1713.0_0,1713.0,洗濯物の靴下が片方だけ見つからない
A1714.0_0,1714.0,鍵が見つからない
A1715.0_0,1715.0,ゴミ出しの日に限って雨が降る
A1716.0_0,1716.0,食堂混みすぎ
A1717.0_0,1717.0,電車でどっちのドアが空くかわからない
A1718.0_0,1718.0,キャッシュレスで払った月の合計額が分かりづらい
A1719.0_0,1719.0,充電ケーブルがある教室がわからない
A1720.0_0,1720.0,駅などの放送が聞き取りづらい
A1721.0_0,1721.0,どれくらいの上着を着ればいいかわからない
A1722.0_0,1722.0,どのアプリが電池の消費割合が大きいのか知りたい
A1723.0_0,1723.0,いつが誕生日か忘れる
A1724.0_0,1724.0,Amazon商品をいちいちサクラチェッカーで検索するのが大変
A1725.0_0,1725.0,人が少ない道を歩きたい
A1726.0_0,1726.0,地下を歩いてる時の地図が見づらい
A1727.0_0,1727.0,折りたたみ傘か普通の傘か悩む
A1728.0_0,1728.0,ショッピングモールのフードコート空いてない
A1729.0_0,1729.0,本の店舗検索で背表紙も一緒に知りたい
A1730.0_0,1730.0,外に洗濯物を干していいかわかりやすくしたい
A1731.0_0,1731.0,メモの行きたいところリストから、一気にマップピンで表示してほしい
A1732.0_0,1732.0,何号車の車両に乗れば乗り換えが早いかわからない
A1733.0_0,1733.0,在庫検索の反映が遅い
A1734.0_0,1734.0,割り勘などで誰に何円返すかまとめおきたい
A1735.0_0,1735.0,近くのスーパーやコンビニの価格を比較したい
A1736.0_0,1736.0,駅のホームで、どの車両が比較的空いているかリアルタイムで分からない。
A1737.0_0,1737.0,電車の遅延情報が、自分が乗る予定の路線に特化して表示されないことがある。
A1738.0_0,1738.0,ICカードの残高が、改札を通るまで正確に分からない。
A1739.0_0,1739.0,自動販売機で、小銭が足りない時に両替できないことがある。
A1740.0_0,1740.0,スーパーのレジで、前の人の会計が長引いているかどうか分からない。
A1741.0_0,1741.0,ゴミの分別方法が、地域によって細かくて分かりにくい。
A1742.0_0,1742.0,洗濯物の乾き具合が、天気予報だけでは判断しにくい。
A1743.0_0,1743.0,冷蔵庫の中身を把握しきれず、同じものを買ってしまったり、食材を無駄にしてしまったりする。
A1744.0_0,1744.0,家の鍵を閉めたかどうか、外出先で不安になることがある。
A1745.0_0,1745.0,学校の授業で、先生の声が後ろの席まで聞こえにくいことがある。
A1746.0_0,1746.0,課題の提出期限が、複数の科目で重なって管理が大変。
A1747.0_0,1747.0,学校のプリントが、紙媒体で配布されるため、紛失しやすい。
A1748.0_0,1748.0,グループワークで、メンバーの進捗状況が把握しにくい。
A1749.0_0,1749.0,図書館で、借りたい本が貸し出し中かどうか、行くまで分からない。
A1750.0_0,1750.0,レストランで、注文したい時に店員さんがなかなか来てくれない。
A1751.0_0,1751.0,服を買う際に、実際に試着してみないとサイズ感が分からないことが多い。
A1752.0_0,1752.0,オンラインショッピングで、商品の色が画面と実物で異なって見えることがある。
A1753.0_0,1753.0,スマートフォンの充電が、外出先で急に切れて困ることがある。
A1754.0_0,1754.0,Wi-Fiのパスワードが複雑で、毎回入力するのが面倒。
A1755.0_0,1755.0,初めて行く場所で、道に迷いやすい。
A1756.0_0,1756.0,スポーツジムのマシンの空き状況が分からない。
A1757.0_0,1757.0,映画館で、見たい席が空いているかどうか、直前まで分からない。
A1758.0_0,1758.0,バッテリーの残量が少ない時に、低電力モードに切り替えるのが面倒。
A1759.0_0,1759.0,携帯の充電を夜眠る時に忘れてしまう。
A1760.0_0,1760.0,ついつい遅刻してしまう。
A1761.0_0,1761.0,X(旧: Twitter)のツイートを消したいが、消すのが面倒くさい。
A1762.0_0,1762.0,忘れ物をしたことを思い出して、取りに帰ってしまい、遅刻してしまう。
A1763.0_0,1763.0,つい、スマホのゲームに熱中してしまい、駅を乗り過ごす。
A1764.0_0,1764.0,旅行先のレストランや居酒屋の営業時間と評価を調べるのが分かりづらい。
A1765.0_0,1765.0,PCのバックアップがもう少し早くできるようにしたい。
A1766.0_0,1766.0,LINEでメッセージを送り合っている時、入力か否かが分かりづらい。
A1767.0_0,1767.0,来たメールに返信すべきかどうか悩むことがある。
A1768.0_0,1768.0,忘れ物や無くし物は何かスマホか何かで探せればと思っている。
A1769.0_0,1769.0,部屋の掃除を定期的に出来ない。
A1770.0_0,1770.0,今のクレジットカードの使用金額が分かりづらい。
A1771.0_0,1771.0,課題の進捗度合いが管理しづらい。
A1772.0_0,1772.0,研究のゼミでいつも指摘されることが同じなので、直したい。
A1773.0_0,1773.0,自分の研究テーマ以外の題材のレポートで参考資料を調べることが難しい。
A1774.0_0,1774.0,ゲームのアップデートをバックグラウンドで進行してほしい。
A1775.0_0,1775.0,アニメを見る時間がなかなか作れない。
A1776.0_0,1776.0,見たいアニメの作品が多すぎて、絞れない。
A1777.0_0,1777.0,TRPGのルールを説明することが難しい。
A1778.0_0,1778.0,2度寝してしまう。
A1779.0_0,1779.0,家の作り置きの食べ物を食べすぎてしまう。
A1780.0_0,1780.0,運動を習慣づけることができない。
A1781.0_0,1781.0,怪我が怖くて運動ができない。
A1782.0_0,1782.0,約束した時間に自分が到着できるか不安になる。
A1783.0_0,1783.0,発話をしようと思ったら、相手も発言していて、気まずい雰囲気になる。
A1784.0_0,1784.0,SNSでメッセージを送った後に後悔することがある。
A1785.0_0,1785.0,体調が悪いとき
A1786.0_0,1786.0,課題の締め切りを覚えていないとき
A1787.0_0,1787.0,先生によって課題の提出箇所が違う
A1788.0_0,1788.0,飲み物が高い
A1789.0_0,1789.0,家族4人みんな猫に餌を上げるから食べさせすぎてしまう
A1790.0_0,1790.0,体調が悪くて不安なとき
A1791.0_0,1791.0,自分が飲食するものが薬と競合しないか不安
A1792.0_0,1792.0,manabaの必要な持ち物を課題と同じように通知を出してほしい
A1793.0_0,1793.0,自分が行った場所から感染した可能性を知りたい
A1794.0_0,1794.0,課題に対するモチベーションがわかない
A1795.0_0,1795.0,自分のバイト収益と出費の関係
A1796.0_0,1796.0,自分が感じているが気づけていないストレスの可視化
A1797.0_0,1797.0,課題の量からおおよそかかる時間を調べてほしい
A1798.0_0,1798.0,日々の運動量を計測し、スケジュールをくみたい
A1799.0_0,1799.0,予期せぬ出費のぶんも踏まえた貯金をしたい
A1800.0_0,1800.0,家事を効率化したい
A1801.0_0,1801.0,自分が目標をたてたらそれまでの筋書きを作ってほしい
A1802.0_0,1802.0,目標が飽きないように工夫してほしい
A1803.0_0,1803.0,自分がやったことをリストアップして修正できるようなアプリがほしい
A1804.0_0,1804.0,失敗を恐れないようにしたい
